round;sample;ID_plate;centroid_1;centroid_2;growth_rate;peaks;circularity;eccentricity;RGB_mean_1;RGBt_mean_2;RGBt_mean_3;RGBt_std_1;RGBt_std_2;RGBt_std_3;Lab_mean_1;Lab_mean_2;Lab_mean_3;Lab_std_1;Lab_std_2;Lab_std_3;Labt_mean_1;Labt_mean_2;Labt_mean_3;Labt_std_1;Labt_std_2;Labt_std_3;activity_total
1;10µl-nr1;1-1;835;1242;0,1338005;23;0,96578;0,18561;246,7854;225,925;217,3063;22,9483;31,6416;36,2281;89,0539;8,08953;10,7003;11,1602;6,90168;8,14749;91,3267;6,5164;7,15765;10,7217;4,70734;7,27739;1
1;10µl-nr1;1-2;1484;1109;0,063329023;13;1,0207;0,22453;203,4753;160,3111;135,6222;16,0928;10,0833;7,72625;69,1886;13,231;17,4054;5,09732;3,40151;4,86611;69,7232;14,1296;19,6061;4,13404;3,4022;3,81545;0
1;10µl-nr2;2-2;493;580;0,04584244;15;1,0581;0,28171;207,9126;160,9032;148,3548;28,7998;15,8332;13,2729;69,2019;17,0137;13,7221;7,38965;5,17052;3,67209;71,3072;19,8785;15,035;7,10437;5,2638;3,69122;0
1;10µl-nr2;2-4;1052;1305;0,656070866;9;1,0217;0,44729;186,424;148,5897;133,641;7,89643;5,8387;5,50831;64,0392;13,139;12,7667;3,66983;2,71661;3,49231;65,0318;13,5466;13,9261;2,10122;2,40051;3,14126;0
1;10µl-nr2;2-5;1146;808;0,053184523;22;0,98664;0,25451;234,9079;169,5041;151,9421;21,5408;17,2004;16,3168;75,2906;21,9786;17,6378;10,3683;7,04636;6,18122;76,051;25,1306;20,0857;6,40666;4,69942;3,93355;0
1;10µl-nr2;2-6;1568;1437;0,954474489;22;0,96085;0,30636;203,9463;88,48611;35,52778;15,6091;13,9419;15,0216;53,8861;38,9035;48,1473;3,04332;11,6648;9,55157;52,6406;44,0382;51,1682;3,13553;9,64454;7,49311;0
1;10µl-nr3;3-2;494;960;0,032418714;19;1,0038;0,36109;188,4909;142,7059;114,4588;51,4195;55,25;52,4017;57,3747;23,0519;26,7269;19,179;6,83001;3,6123;64,6848;21,7938;25,5434;19,9838;7,24974;4,6034;0
1;10µl-nr3;3-3;825;1146;0,078261153;9;1,0907;0,36746;165,3496;123,0588;109,2353;16,075;11,3824;11,3056;53,7619;17,1568;14,8442;4,80529;2,07757;1,54936;56,2489;17,6578;15,3302;4,87254;2,24283;1,20188;0
1;10µl-nr3;3-4;945;1099;0,024164548;18;0,91768;0,29439;227,9028;159,4159;114,9469;34,3185;24,2306;18,3755;71,3886;20,189;33,8248;6,0675;3,16662;8,17246;71,1936;20,5994;33,1912;10,3343;3,04348;8,27079;0
1;10µl-nr3;3-5;967;1279;0,107720166;20;0,95088;0,18635;250,2501;228,6351;205,7095;17,0316;23,1017;25,8962;90,8158;5,73377;14,1801;9,03895;5,41297;6,69073;92,1286;4,75893;14,2475;7,80133;4,35203;6,11608;1
1;10µl-nr3;3-6;1209;313;0,596638932;16;0,89248;0,42431;175,2046;116,2317;106,3293;46,3108;38,6383;35,2165;57,9568;16,2866;12,8279;14,2063;5,11826;4,5637;52,9048;16,7963;12,6687;15,4708;3,90454;3,4158;1
1;10µl-nr3;3-7;1187;1408;0,543152756;11;0,96964;0,46197;186,9968;112,8571;88,82857;11,0009;7,62019;6,08028;55,9532;25,1025;25,5919;3,79114;3,2241;2,82742;54,6829;25,368;25,0941;3,18191;1,92656;2,38299;1
1;10µl-nr3;3-8;1282;1024;0,023316492;22;0,88892;0,35109;211,2919;164,0959;146,6301;37,1172;37,7395;38,4419;66,0234;22,9062;20,1373;11,4718;5,20295;4,25117;72,8291;21,436;18,6363;13,4999;7,5235;5,70832;0
1;10µl-nr3;3-9;1248;367;0,056184311;12;1,0259;0,22425;193,5208;149,8684;134,2632;40,1852;21,3771;16,9318;64,0331;16,9186;14,2355;9,11382;6,32578;5,9447;67,1634;19,8322;16,8996;9,73019;7,17232;6,58522;0
1;10µl-nr3;3-10;1324;378;0,01898563;19;0,97885;0,23902;186,4062;154,3472;145,4028;26,2178;17,8761;15,6445;64,6237;12,9972;9,48028;9,31197;4,06278;2,94923;67,4404;14,9807;10,938;7,44693;3,414;3,05585;0
1;10µl-nr3;3-11;1619;820;0;18;1,0307;0,33191;243,0436;209,1034;195,2069;30,5338;36,838;41,2484;85,4969;10,9547;12,6905;11,8668;6,70903;7,15868;86,422;10,8025;11,8307;12,6238;6,89472;7,72184;0
1;10µl-nr4;4-2;457;1462;0,086414039;15;0,99431;0,28296;176,1938;142,0238;124,2381;26,0753;12,1042;7,82993;59,7687;13,6621;13,9787;5,85807;4,22813;4,35428;63,132;15,732;16,5609;5,93186;4,97511;4,36968;0
1;10µl-nr4;4-3;752;1409;0,040012532;20;0,80931;0,667;183,0238;119,4323;104,7226;31,996;19,9753;15,3376;58,8152;18,9437;17,1868;4,1607;3,31887;3,52453;54,6405;17,2938;15,6864;9,26579;4,30437;4,72045;0
1;10µl-nr4;4-4;836;1278;0,095083617;8;0,94213;0,37304;240,5141;159,7419;133,4839;38,9835;32,6762;27,6669;80,2939;16,4302;18,889;11,5526;8,50131;7,98193;71,77;23,0228;24,1914;12,6599;5,82265;6,45189;0
1;10µl-nr4;4-7;1171;600;0,031646544;10;0,52202;0,75339;208,9387;196,1156;181,3121;44,8275;55,7857;57,4076;75,1846;8,26739;10,8525;21,7203;5,61239;5,48054;80,6257;7,51169;11,2282;19,3978;5,62001;5,66008;1
1;10µl-nr4;4-8;1108;1302;0,099356634;12;0,92676;0,57348;241,5744;191,3514;160,3514;8,93755;31,275;32,6098;79,2542;17,859;22,0614;10,7849;9,30823;6,80748;82,0972;17,3393;24,1695;8,68964;10,3643;6,88267;0
1;10µl-nr4;4-9;1323;1638;0;9;1,0501;0,19735;220,3137;184,3333;160,9524;32,4923;25,0227;17,8647;74,2763;14,7639;16,207;10,5641;4,49181;4,57966;79,0642;16,3403;19,3178;9,78319;3,42742;4,60847;0
1;10µl-nr4;4-10;1461;1109;0,13333601;18;0,67377;0,26774;150,9415;93,04505;85,63964;66,9921;55,3643;51,5431;47,6757;18,2617;14,0865;17,4996;7,76952;6,72147;42,09;13,6188;10,0606;23,2411;8,85253;7,9742;0
1;10µl-nr4;4-11;1452;655;0,060446364;11;1,0761;0,21204;238,4415;186;166,3333;31,7654;33,301;29,9429;77,6218;19,5387;18,285;10,2803;6,3075;3,04521;79,9049;17,4888;17,8301;11,7067;6,73666;3,96591;0
1;10µl-nr4;4-12;1666;1110;0,103265185;27;0,80188;0,48445;245,8658;219,782;212,9925;37,648;44,6256;49,3506;88,1499;9,64859;9,98353;12,4902;8,02925;10,0687;88,9678;6,60354;6,2962;15,8466;5,11225;6,84958;0
1;10µl-nr5;5-1;800;881;0,078261153;11;0,47216;0,28882;141,8555;102,1978;49,86813;20,3317;7,31394;4,21428;45,3874;12,1873;34,6233;2,9618;5,0808;4,9769;47,3727;13,9119;36,6032;4,1366;6,0944;6,0155;0
1;10µl-nr5;5-2;1138;688;0,006546376;15;0,42988;0,59803;131,1195;70,82524;35,67961;7,93032;7,13377;8,05035;37,4811;21,7776;29,7869;3,0324;4,805;4,8808;37,2421;23,8002;32,3052;2,5354;3,4167;3,5469;0
1;20µl-nr1;6-1;582;875;0,107154915;17;1,0357;0,29144;219,2668;162,8125;139,4792;28,7956;18,1971;14,1286;71,3485;18,5087;19,3599;6,53611;3,48271;4,16888;72,004;19,4636;20,9514;7,90324;3,67623;3,95318;0
1;20µl-nr1;6-2;614;1183;0,276518536;10;0,95453;0,35747;178,4955;154,1563;147,0625;44,5518;37,8683;36,7186;60,5201;14,7033;10,3085;11,7071;3,56814;2,45557;67,2834;15,6314;10,1623;14,6876;3,76025;2,09142;0
1;20µl-nr1;6-3;666;820;1,24937732;10;1,0989;0,36438;233,4565;190,2632;83,94737;36,5024;36,9592;9,54215;78,1022;6,68588;52,9649;10,0532;5,18011;14,1175;79,0451;5,13524;57,2919;13,0507;5,93537;17,174;0
1;20µl-nr1;6-4;738;1543;0;12;1,0883;0,11732;211,2493;167,6818;156,3636;21,6801;16,2023;14,8598;71,8071;15,0371;12,2636;5,60084;3,13861;1,6682;72,6833;15,7664;12,5262;6,57591;2,29489;1,89558;0
1;20µl-nr1;6-5;794;1653;0,497831659;16;0,93927;0,40215;217,9475;176,0714;154,6786;20,8609;13,0911;8,67831;72,4376;16,4002;16,9929;7,61465;4,02653;4,11228;76,6469;18,4005;19,2162;5,38271;3,31657;3,54996;0
1;20µl-nr1;6-6;949;461;0,416336488;24;0,99991;0,31719;227,7188;155,4812;138,7444;19,241;8,63888;7,53643;70,7585;24,9558;20,0716;5,06983;6,57961;3,61903;72,028;28,8797;21,6016;3,82302;6,46177;3,00411;0
1;20µl-nr1;6-7;945;920;0,814585855;11;0,99878;0,21197;162,34;124,2857;114,9643;20,2503;12,5458;10,8371;54,1788;15,5504;11,164;5,56591;2,86533;2,53651;56,5437;17,2285;12,4107;5,59545;3,44686;2,929;1
1;20µl-nr1;6-8;1297;905;0,071259489;12;0,70482;0,48518;152,5571;113,8224;87,41121;17,0843;9,66887;3,75664;50,272;13,7442;19,1164;4,61532;2,68621;5,00403;51,9468;14,6905;21,7178;4,46773;2,52711;5,07827;0
1;20µl-nr1;6-9;1348;1638;1,292963554;15;0,83354;0,47555;137,0386;77,4252;60,55118;30,2187;29,9437;27,4173;43,2726;16,5899;17,9123;9,32787;3,84543;3,45857;37,6846;18,1008;18,5636;12,0478;3,55124;3,0148;0
1;20µl-nr2;7-3;565;783;0,00891895;15;1,0093;0,39525;223,035;197,9342;186,2105;29,263;47,221;56,4816;75,4243;15,9496;14,5809;15,8769;7,74803;8,75295;82,8821;13,1278;11,8707;15,3163;8,80599;10,1281;0
1;20µl-nr2;7-4;647;390;0,1276264;22;0,97863;0,28302;242,1412;204,6154;189,6346;30,8031;38,5243;42,613;87,4363;8,23992;9,59444;12,5038;5,01602;6,56574;84,6749;10,3016;12,2771;13,167;5,94876;6,81558;0
1;20µl-nr2;7-5;660;548;0,029536055;14;1,0162;0,25787;222,0354;130,2979;98,93617;22,0174;9,22642;7,15482;64,035;31,7961;30,8945;6,29299;7,27549;7,07564;63,8442;32,5128;32,2512;4,70119;5,52083;4,84147;0
1;20µl-nr2;7-6;664;836;0,082135519;15;1,0385;0,18546;241,3065;219,5227;215,3636;26,2989;37,5886;42,3667;86,4821;10,561;7,07332;13,3485;6,70277;6,83613;89,4747;8,67247;5,62309;12,5738;5,93218;6,22148;1
1;20µl-nr2;7-7;809;964;0,020658197;22;0,97285;0,25974;233,2674;155,899;133,0909;25,0457;14,407;11,0325;70,1736;28,5777;23,7671;6,78044;4,41095;4,02473;72,3592;29,4875;25,2256;6,45541;3,88571;3,81238;1
1;20µl-nr2;7-8;793;340;0;12;1,0784;0,22101;205,7746;169,4091;151,8636;43,1721;27,8476;22,1559;70,0599;13,6405;14,7803;10,3228;4,59466;4,24575;73,1072;14,9793;15,6899;11,799;5,23087;5,08043;0
1;20µl-nr2;7-9;951;1139;0,009700199;21;1,0022;0,27061;241,5719;211,3623;209,6522;27,1996;35,4463;38,4451;85,1084;12,8712;6,88708;13,6993;6,36425;5,54379;87,3471;11,9415;5,51785;12,1133;5,44711;4,11918;0
1;20µl-nr2;7-10;1240;1538;0,042385208;28;0,93667;0,37891;218,9276;151,8268;116,5754;27,0957;13,4857;7,79143;66,8113;24,4413;28,1104;8,3435;5,77863;6,37081;70,382;27,4699;31,38;6,40312;4,7205;5,68477;0
1;20µl-nr2;7-11;1257;1177;0,121143892;29;0,7931;0,084517;222,17;173,4585;147,878;42,0766;44,5903;41,123;72,7843;17,873;19,4702;15,2367;6,85731;6,56844;75,0735;16,9946;21,1602;15,9075;7,30619;6,10725;1
1;20µl-nr2;7-12;1389;887;0,04998234;25;0,97033;0,28226;175,1467;76,63309;32,15108;12,3201;11,2869;11,3156;46,1808;35,0927;42,3943;3,08648;7,88166;6,84327;45,2445;38,1073;44,2819;3,46483;5,94617;4,7803;0
1;20µl-nr2;7-13;1363;1412;0,098097009;16;1,0048;0,20739;222,3609;142,0962;112,7885;30,6249;17,6049;14,2916;67,1356;26,4276;26,8219;8,37273;5,32052;5,52165;66,6422;27,5329;28,3382;7,92908;4,97607;5,30247;0
1;20µl-nr3;8-1;358;1103;0,115130712;12;0,82957;0,54589;251,179;220,1111;207,0889;12,951;29,3003;37,3684;88,4339;11,3663;12,0095;9,02705;8,78628;9,15496;90,2077;9,74257;10,9201;8,57571;8,40709;9,83296;1
1;20µl-nr3;8-2;448;1288;0,040634168;19;0,99028;0,26249;197,0727;153,3109;138,7227;38,4167;23,0738;18,5728;64,5572;17,9826;14,6323;9,88407;5,23377;4,10782;68,5189;20,2909;16,4265;10,2082;5,17782;4,64578;0
1;20µl-nr3;8-3;683;1073;0,075587299;17;0,97838;0,1797;210,6736;155,0851;136,766;29,8561;26,3959;26,6198;65,1036;24,4252;20,3236;8,77446;4,50737;4,02593;70,5664;24,9109;20,6984;9,84044;5,06133;3,87927;0
1;20µl-nr3;8-4;865;1255;0,034796004;22;1,007;0,13814;190,6114;140,3737;128,0505;22,5361;14,7189;13,1004;60,8478;20,591;15,2243;7,24366;3,37072;2,52281;64,0906;21,8499;16,0034;6,38473;2,87234;2,11638;0
1;20µl-nr3;8-6;989;1577;0,089244078;20;0,89359;0,39404;220,0075;147,8967;128,3696;34,812;51,3722;57,1862;71,9175;19,2424;18,4706;17,6258;9,98923;8,61283;66,6448;21,4154;20,4401;17,0178;8,89195;7,98783;1
1;20µl-nr3;8-7;1028;1349;0,0090403;19;0,80443;0,29607;139,2641;88,46667;39,62667;6,28919;6,70888;7,25365;42,9954;15,2318;34,9312;1,30024;5,05799;3,59461;42,998;18,2833;36,8759;1,34635;5,63918;3,18619;0
1;20µl-nr3;8-8;1150;1012;0,073224678;18;0,88522;0,1976;171,8632;120,569;108,4224;35,711;35,7621;37,2764;54,0419;20,6094;16,2618;11,0831;4,65771;4,38402;55,4868;19,3051;15,2365;13,3812;4,9752;4,56401;0
1;20µl-nr3;8-9;1288;693;0,055074857;19;0,97032;0,33563;181,7205;124,5393;104,6517;29,6449;14,7626;10,1232;56,8437;21,0809;19,4262;6,47183;5,39916;5,42495;58,1629;22,0418;20,8106;7,24439;5,43321;5,09281;0
1;20µl-nr3;8-10;1417;471;0,013606998;11;0,51455;0,46938;143,0151;119,2808;110,911;19,202;11,0776;8,31527;51,2896;9,28854;7,81398;4,02637;3,53202;3,54848;52,5775;9,75709;8,78621;5,07034;3,36972;3,06105;0
1;20µl-nr3;8-9;1602;692;0,055074857;19;0,97032;0,33563;181,7205;124,5393;104,6517;29,6449;14,7626;10,1232;56,8437;21,0809;19,4262;6,47183;5,39916;5,42495;58,1629;22,0418;20,8106;7,24439;5,43321;5,09281;0
1;20µl-nr3;8-11;1547;434;1,585692078;8;1,0881;0,34763;220,7299;197,0588;101,2353;32,04;21,7039;24,659;77,0337;3,66072;41,528;9,16282;4,14379;20,0935;81,0027;2,57825;51,0956;8,0496;5,08568;21,1634;0
1;20µl-nr4;9-1;352;1251;0,1149629;21;1,0054;0,35378;175,242;108,5185;104,1574;51,0642;41,5419;39,1346;57,8794;16,7167;11,354;15,6496;4,08678;4,40472;49,4925;16,2739;9,12375;17,0746;4,43086;3,863;1
1;20µl-nr4;9-2;526;1204;0,030207558;24;0,90292;0,29762;197,8903;124,4725;114,6484;52,205;40,3376;35,5385;63,7011;19,6517;15,9509;13,2754;4,87098;5,13698;56,4435;17,9473;12,9362;16,4162;4,80122;5,63185;1
1;20µl-nr4;9-3;673;1210;0,019835856;14;1,0502;0,17444;200,4296;138,2;86,54286;34,0666;15,8778;5,90784;61,5876;21,1432;33,7089;7,27185;6,16705;9,79142;64,4962;24,5077;39,3362;7,74659;6,33131;10,5328;0
1;20µl-nr4;9-4;760;1401;0,149793863;14;0,95097;0,36205;238,2148;196,375;174,2727;29,0024;34,8251;35,0244;81,3144;13,5791;16,7437;12,9976;7,18862;6,19024;82,7215;13,7738;17,5868;11,8258;6,893;6,96507;0
1;20µl-nr4;9-5;783;356;0,362137534;20;0,97044;0,27412;242,176;176,0583;158,2917;12,0586;10,2049;6,90438;78,3285;20,5688;18,3933;7,20117;6,49241;4,40362;78,5114;25,102;20,1161;3,05598;5,58886;2,30583;1
1;20µl-nr4;9-6;873;980;0,055249414;17;0,73046;0,24095;176,3118;133,1852;118,9153;23,5791;14,1873;11,0854;57,2196;18,0939;14,5694;6,45576;3,52267;3,14303;60,7655;19,7568;16,3191;6,37619;3,44117;3,25325;0
1;20µl-nr4;9-7;856;508;0,080638443;11;0,98023;0,18444;195,5424;185,5;174,6944;49,8101;55,2943;57,1558;67,8985;11,9949;11,9538;18,2454;5,53657;5,36021;77,3226;10,0195;9,98213;19,7106;6,23393;6,72857;0
1;20µl-nr4;9-8;936;1647;0,079830108;16;0,94674;0,2986;219,0199;185,1495;167,5047;26,9874;40,6181;50,7718;71,1524;19,0723;19,237;12,3496;7,6244;8,20643;79,2968;16,5307;16,6092;13,0201;9,00593;10,744;0
1;20µl-nr4;9-9;1287;1206;0,065408686;11;1,0439;0,13913;204,8072;188,9697;180,4545;43,7722;52,4967;54,9688;69,9829;14,4371;11,4139;17,807;5,95164;4,92384;79,1182;11,9288;9,45524;18,3065;6,93813;6,29786;1
1;20µl-nr4;9-10;1379;1081;0,098834061;21;0,91588;0,28944;210,0151;159,6694;141,2903;30,2967;32,376;35,5447;67,1277;20,854;18,1704;11,9036;7,19808;6,53686;71,75;23,0586;19,9441;11,1135;7,83872;7,4586;0
1;20µl-nr4;9-11;1415;1274;0,00681495;21;0,87158;0,35828;181,5114;103,4545;55,54545;28,1197;14,062;19,1355;52,6013;26,4342;35,9745;6,44053;9,74619;12,0864;53,2291;30,975;41,3583;6,00576;9,92874;11,5696;0
1;20µl-nr5;10-1;417;839;0,083164879;11;0,27603;0,77318;139,5748;111,2914;95,16556;15,735;6,82602;5,04306;47,673;11,5958;12,7976;4,0738;3,46874;4,23518;50,4671;13,3175;15,0626;3,44299;3,69327;4,5189;0
1;20µl-nr5;10-2;393;1046;0,056987921;15;0,99585;0,27263;226,1189;173,0676;148,6757;35,1763;44,5653;45,0966;71,6309;21,3524;23,7834;10,2938;6,69003;5,41638;75,108;17,3889;20,8046;14,9438;9,45906;7,51314;0
1;20µl-nr5;10-3;408;563;0,008800815;15;0,95073;0,50828;205,8384;138,2105;96,10526;41,5114;28,9392;39,2675;62,9638;23,2605;30,2566;10,8113;10,038;13,9635;65,5491;28,1879;35,7975;11,3624;10,2282;14,207;0
1;20µl-nr5;10-4;478;705;0,054271117;15;0,2717;0,74507;141,0248;112,0737;100,3789;11,2472;5,62525;4,23305;48,5841;11,4811;10,9984;3,65077;2,53461;2,14011;50,4724;12,4097;11,9829;2,71854;2,63589;1,98757;0
1;20µl-nr5;10-5;484;554;0;11;0,86217;0,70539;204,5343;149,9318;125,9773;11,8518;7,05592;9,14353;65,4342;19,7757;20,3528;7,23999;5,95059;6,30648;68,1047;22,3842;22,8693;2,22074;5,12647;4,75138;0
1;20µl-nr5;10-6;655;1089;0,034081923;15;0,77346;0,32313;139,2639;88,2987;76,71429;38,5833;31,0089;29,74;42,3549;19,6138;17,2342;13,0726;4,37323;5,30374;42,1283;18,1658;14,8543;13,1518;5,15782;6,41318;1
1;20µl-nr5;10-7;737;414;0,023946802;12;0,89381;0,36156;222,7893;180,5789;162,3158;41,9271;37,4638;36,1397;73,8319;16,54;18,1925;12,827;6,33016;6,39747;77,3828;15,7954;16,3941;13,8533;6,90946;7,23841;0
1;20µl-nr5;10-8;808;1582;0,010464025;11;0,15886;0,52254;163,9289;117,8601;99,33161;27,8975;15,0266;8,59772;54,1303;14,9979;16,6948;5,17836;3,73707;4,49835;53,5496;15,1556;17,0993;7,17241;4,51642;5,80961;0
1;20µl-nr5;10-9;858;897;0,00768161;20;0,96451;0,22658;155,4741;108,931;101,0575;13,6456;9,72505;8,97977;51,5262;15,7703;11,2353;4,09221;2,24332;1,53419;49,971;15,4864;10,962;4,1991;2,13049;1,28038;0
1;20µl-nr5;10-10;948;543;0,023316492;18;0,99893;0,25572;219,6783;178,1864;165,2373;30,5964;51,0208;61,7437;71,5976;19,9595;17,6147;15,3621;9,47939;9,50095;76,9747;17,9792;14,8732;16,3091;10,4808;11,2382;0
1;20µl-nr5;10-11;1040;1097;0,042539441;14;0,98053;0,20728;207,4539;142,1;136,7923;42,6834;45,099;45,7673;71,9058;13,9783;8,14764;17,5795;5,02934;4,28789;62,2793;14,6897;8,89984;16,7491;3,85511;3,22756;0
1;20µl-nr5;10-12;1093;310;0,1149629;13;0,80006;0,44425;234,4314;212,1944;196,1852;32,7377;34,1132;32,1548;83,0458;9,95157;11,7787;13,3091;5,47254;5,46083;86,8769;8,02111;11,764;12,1272;4,65076;5,66546;0
1;20µl-nr5;10-13;1171;910;0,060446364;12;1,0744;0,36261;188,5704;143,9167;132,7083;24,8482;14,9577;12,0704;61,4362;18,8877;13,2273;6,59767;4,09703;3,08;64,8634;19,8194;14,415;6,561;4,37818;3,51916;0
1;20µl-nr5;10-15;1259;1115;0,01116752;18;0,99374;0,18549;200,0959;131,8361;113,2787;42,0913;34,6998;28,8023;63,0338;21,6371;18,986;10,2052;4,82538;4,05032;60,3928;20,7361;19,3104;13,55;6,22315;5,34408;0
1;20µl-nr5;10-16;1324;570;1,197423426;8;1,0442;0,70467;222,5044;167,4706;149,2941;40,9839;31,1069;26,234;72,759;18,3922;17,5135;9,70565;3,74072;3,36055;73,5551;19,5128;17,945;12,4736;3,06594;3,92479;1
1;30µl-nr1;11-1;361;1180;0,015159254;19;0,95561;0,26011;236,89;188,0522;166,9925;31,8411;29,0378;24,1298;78,0496;17,8601;17,7949;9,64392;4,83132;3,53451;80,2624;15,8992;17,8591;10,6329;5,05073;4,09173;0
1;30µl-nr1;11-2;422;1287;0,053184523;9;0,96578;0,71856;245,2566;206,963;190,963;11,6591;26,3227;30,0365;84,8982;13,3208;12,4769;10,5356;7,77338;6,46133;86,6388;13,9616;14,2695;7,59655;8,19592;6,35276;0
1;30µl-nr1;11-3;504;946;0,018373111;17;0,94157;0,31002;222,5658;153,0721;137,6937;42,2861;39,6043;38,2788;72,7407;19,073;16,667;14,1765;6,93319;6,4043;68,1397;19,7505;16,7854;14,5973;6,42672;5,66355;0
1;30µl-nr1;11-4;583;524;0,064352044;17;1,0262;0,23264;242,4116;185,8636;161,1667;17,4378;29,7667;37,4074;78,3423;19,9583;22,166;9,11457;7,37371;8,01925;80,6332;19,7842;21,7398;8,97067;8,55048;9,43945;0
1;30µl-nr1;11-5;599;1229;0;11;1,0042;0,34064;220,3087;170,5676;155,1622;25,0378;34,3807;38,0668;69,637;22,5005;19,2573;7,2064;4,11507;3,03521;74,8154;19,8128;16,717;11,3886;6,83689;5,61272;1
1;30µl-nr1;11-6;625;997;0,00891895;19;1,0014;0,3352;208,8378;144,7333;126,9867;19,1916;10,9869;9,79864;66,0606;22,0277;18,4919;3,7435;3,76955;3,6285;66,1567;22,8701;19,5621;4,83586;3,98444;3,93314;0
1;30µl-nr1;11-7;631;1132;0,00805406;17;0,99168;0,24958;198,4416;140;117,9167;17,5621;9,43079;7,64452;63,2526;20,145;19,5363;4,28226;3,13922;3,6633;64,0825;21,7131;21,6498;4,28677;3,80508;3,82865;1
1;30µl-nr1;11-8;670;1360;0,094019643;20;0,59421;0,44399;226,8959;212,2621;195,5172;38,4382;44,5282;47,9567;80,2223;9,0928;15,3191;18,6024;7,00972;7,86247;86,6118;7,41236;12,0204;15,7601;5,4064;9,66704;0
1;30µl-nr1;11-9;704;514;1,008947597;19;0,97934;0,25226;195,4167;152,5094;141,7547;37,3495;21,7953;19,8628;63,6979;18,8645;13,4513;9,63381;5,59527;3,52049;68,607;21,7949;14,9183;9,77816;5,45764;3,42123;0
1;30µl-nr1;11-10;664;1264;0,983140399;12;1,0693;0,27932;168,8571;132,875;119,6667;12,5524;10,4312;9,65792;57,7837;13,0759;12,3411;3,14209;2,28659;1,93559;58,9798;13,6397;13,1336;4,16386;2,18381;2,03542;0
1;30µl-nr1;11-11;994;1440;1,739418677;10;1,0658;0,51369;238,1833;162,8333;132,7222;40,1807;29,26;23,9283;74,8979;22,3614;25,0157;7,83844;4,82575;4,3874;73,2303;23,7743;26,6027;11,8095;6,22829;7,34296;0
1;30µl-nr1;11-12;1167;745;0,200851078;8;1,0065;0,53387;225,6389;193,5;174,625;18,8368;34,3524;43,5579;75,8393;15,7841;16,363;14,5951;7,6038;7,00331;82,5163;16,8353;17,2587;10,4236;9,10053;9,96971;0
1;30µl-nr1;11-13;1181;614;0,030910309;10;0,82742;0,69875;228,6171;204;178,913;35,4328;45,1281;42,7401;78,5593;12,3546;17,6408;14,6953;7,60814;6,74172;84,2216;9,07424;17,33;15,2995;7,88905;7,22307;0
1;30µl-nr1;11-14;1314;752;0,35813721;13;1,0024;0,21933;163,9709;125,0811;112,7297;18,9214;10,0066;6,87042;54,6158;15,3577;12,7757;4,19948;3,41818;2,88792;56,9218;17,2593;14,2234;4,7143;3,38409;3,26656;0
1;30µl-nr1;11-15;1353;1244;0,616173135;20;1,0135;0,19941;216,1355;164,2935;147,75;28,5287;19,7454;18,4389;69,14;21,0572;17,4354;8,88886;4,71385;3,85923;73,4196;22,8584;18,5629;8,07484;4,32157;3,54096;0
1;30µl-nr1;11-17;1528;742;0,020446285;7;0,78439;0,63672;243,4131;176,8235;165,5294;62,67;64,9137;63,6521;81,8643;15,9054;17,2388;11,2668;8,90781;7,6694;74,1968;11,3042;10,7762;23,8557;7,65078;7,33011;0
1;30µl-nr1;11-18;1592;1006;0,881189659;19;0,93372;0,3525;152,9629;80,94737;41,00877;11,9229;9,48948;14,1086;44,3342;23,2344;33,489;2,80281;5,83712;6,08361;42,3829;26,068;35,6397;2,70365;6,88999;7,18353;0
1;30µl-nr1;11-19;1579;707;1,154612789;9;1,1084;0,20902;168,2709;127,7;114,1;11,5096;8,32308;5,82101;58,0813;11,7857;13,5091;3,24394;2,36169;2,12465;56,3821;11,3494;12,4935;3,39713;1,91404;2,36042;0
1;30µl-nr2;12-1;450;816;0;10;1,0575;0,095334;218,059;185,25;167,375;37,3677;30,9618;25,8269;75,3619;12,3323;14,0428;8,76186;3,37881;3,18811;78,3755;12,9372;14,8746;12,0348;2,05424;3,76645;0
1;30µl-nr2;12-3;567;1617;0;12;1,0062;0,33218;197,0436;139,5429;122,0857;25,9524;14,9142;10,3565;64,0023;18,4555;17,2255;6,58888;4,07896;3,98699;63,2058;19,5998;18,0079;6,77813;3,92031;4,23145;1
1;30µl-nr2;12-4;721;1723;0,015821029;23;1,0206;0,31828;141,3251;58,77907;53,39535;83,9792;62,5357;54,2129;46,9953;10,7983;10,0096;32,3036;7,67237;9,05686;25,29;8,71323;6,43419;28,3122;7,71827;9,00785;1
1;30µl-nr2;12-5;869;442;0,319180343;19;0,97661;0,22122;222,3856;165,1837;146,8163;27,3354;26,0029;25,0498;72,6848;18,6186;17,1098;12,0441;5,91743;4,16477;73,3872;21,5501;19,0822;9,35014;5,28157;3,42898;1
1;30µl-nr2;12-6;944;1048;0,348521241;20;0,6168;0,50194;241,6885;223,9595;217,7703;19,7747;32,5296;35,3163;87,7762;8,35474;7,52885;13,68;6,31941;5,401;90,8539;7,50008;6,24145;10,5324;5,81679;5,18096;1
1;30µl-nr2;12-7;1032;368;0,641249765;13;0,99614;0,30645;236,7726;223,3878;217,1633;14,5379;30,0054;39,3189;84,5411;10,3252;9,38781;14,9252;7,1316;8,26586;90,9852;8,69358;6,79294;9,19993;6,82213;8,49806;1
1;30µl-nr2;12-8;1107;622;0,542026248;6;0,30318;0,49355;132,0057;102,6381;88,69524;16,9464;11,1486;7,28027;45,1678;11,1284;12,1402;2,43112;1,66216;1,83715;46,5259;11,877;13,2502;4,96431;2,26851;3,11861;0
1;30µl-nr2;12-9;1071;325;0,588592375;12;0,87712;0,24116;209,8159;171,4634;154,3415;31,9739;33,4568;35,3536;69,216;16,9589;17,5931;11,1465;4,4337;4,21403;74,2907;16,695;16,304;11,9421;5,21241;3,53211;0
1;30µl-nr2;12-10;1176;419;0,14826814;11;0,74685;0,58988;157,9829;119,6863;103,9216;16,7622;10,4508;7,98209;52,8663;13,9577;14,58;4,47894;2,80216;2,83967;53,9921;14,1496;15,0465;4,65496;2,79846;2,78643;0
1;30µl-nr2;12-11;1211;891;0,322596555;25;1,0099;0,11605;210,2958;154,3165;142,7468;24,0293;16,3508;16,1717;66,9393;22,1145;15,1588;8,61511;3,78633;2,663;69,7768;23,3162;16,0501;6,82746;3,46457;2,46477;1
1;30µl-nr2;12-12;1206;533;0,115849427;13;1,0309;0,2328;145,5601;108,8837;97,06977;7,16434;4,73693;3,14261;48,9595;13,3777;12,5508;2,22262;1,74278;1,62387;49,5426;13,7103;12,63;2,04479;1,57358;1,53426;0
1;30µl-nr2;12-13;1257;454;0,712015692;11;1,0522;0,285;174,1737;128,6538;109,1154;19,7244;9,88713;5,74336;56,8186;16,8299;16,8044;4,87627;3,67507;3,86007;58,5921;17,9124;18,7124;4,78749;3,47742;4,04901;0
1;30µl-nr2;12-14;1271;798;0,01493213;16;1,0334;0,15381;249,7616;234,4565;233,9348;16,5522;19,6917;19,3946;92,1107;7,46373;3,65192;8,43588;4,78808;3,51018;94,129;5,79357;2,37664;6,87852;1,66064;1,30862;0
1;30µl-nr2;12-15;1356;473;0,914168147;14;0,78323;0,3832;148,1304;115,5104;104,4688;13,845;7,85124;5,81098;50,6492;12,4997;11,1244;4,0273;2,89925;2,41889;52,1421;13,6084;12,0271;3,63861;2,69704;2,17712;1
1;30µl-nr2;12-16;1337;757;0,031646544;15;1,0469;0,23267;246,0492;203,1591;189,3409;26,8647;38,1807;46,3801;86,6631;11,5573;10,9694;10,4941;7,60614;7,91383;85,1589;13,998;13,2294;12,1775;9,78052;10,7693;0
1;30µl-nr2;12-17;1453;584;0,525263352;14;1,0061;0,25439;180,6905;120,4222;99,08889;18,9888;8,88944;6,40959;56,0998;21,4532;21,1327;4,42003;4,21317;3,94107;56,6397;22,1387;21,8314;4,45395;4,24379;3,48382;0
1;30µl-nr2;12-18;1614;1071;0,405919656;9;0,71389;0,57576;153,31;127,7183;114,9014;16,503;9,63948;7,71113;53,391;11,092;11,0733;4,47225;2,69392;2,20403;56,7418;12,7492;12,5993;4,32213;3,09532;2,3574;0
1;30µl-nr3;13-1;351;1322;1,093558509;22;0,97999;0,21969;187,9986;127,8369;114,6738;52,0129;55,1766;56,8056;65,1527;12,0535;12,0293;22,4395;5,42035;5,04977;56,0108;12,2726;12,8343;20,3188;4,36027;4,10378;1
1;30µl-nr3;13-2;365;815;0,047239815;19;0,9879;0,23621;214,8586;115,5437;108,5049;26,4229;15,7703;15,2482;59,7889;38,0767;21,6424;6,8634;8,92189;5,64823;61,2967;41,7278;23,7338;6,28607;8,29586;5,06807;0
1;30µl-nr3;13-3;494;1445;0,116870875;8;0,92249;0,64277;226,4106;168,9259;146,3704;29,6135;31,7973;30,1881;70,6954;23,4457;23,218;8,48507;6,23225;4,39455;74,9809;22,0317;21,7062;10,8073;8,58859;4,59566;1
1;30µl-nr3;13-4;559;503;0,460562911;18;0,992;0,27039;248,1728;213,3368;203,2947;13,2298;23,1818;25,9852;87,7271;11,2204;9,95502;9,6589;6,71555;6,6516;88,4029;12,305;10,2149;7,04923;6,69615;5,55883;1
1;30µl-nr3;13-5;658;1574;0,656884647;9;0,90896;0,23707;162,9917;135,2727;115,6667;25,1836;15,623;8,17262;56,2909;11,4459;13,3817;6,94971;2,97581;5,29716;59,8159;13,1118;16,5845;6,81324;2,9161;5,47342;0
1;30µl-nr3;13-6;705;748;0,745076771;17;1,004;0,15697;243,1384;215,7333;212,1222;24,9843;38,0032;42,8614;85,4292;13,1601;8,45998;13,5419;8,94043;8,37834;88,6435;10,7071;6,17441;12,4425;7,7934;6,55561;0
1;30µl-nr3;13-7;710;1641;0,667107184;18;1,0201;0,40445;223,8736;176,0204;155,2449;30,5769;19,4331;12,9108;74,6999;16,461;15,8248;7,85168;4,12042;5,2964;76,4213;17,8484;18,5824;8,16442;3,56844;5,82169;0
1;30µl-nr3;13-8;822;1752;0,674239737;11;1,0343;0,11858;243,2799;216,3;94,56667;24,3374;27,7205;12,467;85,0787;-0,246186;54,6849;10,6473;8,68996;17,0156;86,9404;-2,49226;61,6903;9,21844;7,00398;15,2385;1
1;30µl-nr3;13-9;891;1531;0,456058135;23;0,94664;0,19601;251,0885;211,4054;194,0541;25,9575;40,1407;44,4249;90,1976;8,38113;11,0628;8,556;6,12051;6,12395;87,1849;10,3917;13,6891;13,1459;7,76171;7,45275;0
1;30µl-nr3;13-10;883;1315;0,651713789;15;0,80626;0,1728;242,6178;209,9381;192,4227;19,454;31,2233;35,6861;87,1102;8,92732;10,3364;13,7645;6,99093;6,80878;86,9795;11,3112;14,0008;9,85211;7,17464;8,17362;1
1;30µl-nr3;13-11;921;299;0,166986331;13;1,0349;0,29485;240,8216;197,2162;179,0811;18,5317;15,0317;13,957;82,2541;14,2666;13,9246;8,56833;5,04668;4,99583;83,7292;16,2172;16,2609;5,47867;3,67845;4,56647;0
1;30µl-nr3;13-12;1001;1732;0,330254021;17;0,98286;0,20701;248,722;217,7297;204,4865;14,7456;23,3246;24,8961;89,1136;8,75209;10,9699;9,4954;5,88275;5,53927;89,4556;10,1049;11,0867;7,30405;6,27584;4,52692;0
1;30µl-nr3;13-13;1178;1437;0,285046914;10;0,97032;0,29588;238,9668;162,0345;141,5862;16,7458;25,6271;28,505;77,9199;19,8913;17,7474;9,04573;7,68058;6,00065;72,919;23,7711;21,3575;8,08378;6,22108;5,7546;0
1;30µl-nr3;13-15;1247;1559;0,630618309;6;0,55068;0,5397;159,0143;141,72;128,56;50,2493;33,7312;27,5758;54,1851;12,9454;11,2081;11,3478;4,30459;4,09982;62,8633;16,3227;14,0034;14,2761;5,21252;5,43657;0
1;30µl-nr3;13-16;1335;1163;1,124797024;17;0,81137;0,33233;135,4015;68,54762;33,25397;5,30471;7,76825;9,57826;37,9966;23,6818;31,66;2,49097;4,5136;4,29031;36,9977;25,7576;33,4202;2,24051;3,89942;3,52545;0
1;30µl-nr3;13-17;1308;445;0,68614905;17;1,0321;0,30948;198,584;165,75;148,25;28,431;17,5844;11,4993;68,7019;12,4762;12,8562;6,84658;3,31378;4,90775;71,5399;13,8436;15,2559;7,47099;3,54862;4,91562;0
1;30µl-nr4;14-1;302;1230;0,034524743;14;0,82121;0,36628;194,2901;78,34211;39,22368;31,3544;17,8763;26,9402;51,0254;39,7737;41,938;4,41829;20,1568;17,1009;51,7502;48,5741;48,1728;2,42232;18,2752;16,0285;0
1;30µl-nr4;14-2;649;1547;0,145550542;17;0,88859;0,30062;239,7365;189,1129;178,5484;25,6432;44,5035;50,6336;82,2545;15,1707;11,8956;13,7765;9,28178;8,96726;80,794;17,0617;12,8902;13,9392;10,319;8,95421;0
1;30µl-nr4;14-3;697;1031;0,083164879;28;0,98055;0,054352;230,3626;210,3506;202,0779;27,868;44,8316;50,4238;80,2339;13,7012;10,3346;17,079;8,91285;8,64106;86,6117;10,2709;8,67444;14,5583;8,3631;7,87797;1
1;30µl-nr4;14-4;641;387;0,102425701;13;1,0289;0,37741;234,867;193;171,9091;32,6652;32,7036;32,0014;79,0779;14,8757;17,7941;9,46116;5,1554;4,36607;81,4093;13,3712;16,9009;11,5073;6,71075;5,2169;0
1;30µl-nr4;14-5;846;654;0,037979013;10;1,1049;0,26514;149,9961;123,3889;89,27778;13,8092;9,5741;2,27015;52,2657;7,92821;20,9374;2,98908;1,56382;4,89017;54,0635;7,92098;23,3501;3,94507;1,90403;5,80993;0
1;30µl-nr4;14-6;887;567;0,007771455;16;0,99321;0,25012;214,5845;179,6977;162,0349;30,6603;44,4768;47,0915;71,0988;17,3927;16,6779;14,6782;7,81054;6,96919;77,1044;16,0146;16,4105;14,5501;8,70414;6,60244;0
1;30µl-nr4;14-7;983;1782;0,018205298;13;0,99513;0,21238;244,3805;216,0789;187,0263;22,9565;23,6202;18,4163;86,5513;8,50459;15,6679;10,2294;4,14422;4,84189;88,3341;7,24238;18,5517;8,40303;3,57778;4,16306;0
1;30µl-nr4;14-8;1184;1501;0,006957674;24;0,99219;0,26402;226,2744;156,1443;137,5155;7,27136;9,22405;11,8146;71,6578;22,6965;18,8819;4,11924;2,96367;2,8946;70,716;23,7056;20,2683;2,97466;2,69275;2,89109;1
1;30µl-nr4;14-10;1420;1608;1,082551854;12;1,0579;0,1724;234,7948;157,9677;119,9355;21,3531;13,654;7,80997;72,2816;23,4892;31,6827;5,63149;4,15999;5,34517;71,8558;24,5835;31,4937;5,61777;3,63912;5,19408;0
1;30µl-nr5;15-1;416;779;0,008979215;12;0,2789;0,66132;164,4378;138,8716;123,9324;48,8017;33,2474;25,2322;56,7505;11,9139;11,6616;10,9879;5,28917;6,3761;61,0471;13,4633;13,8754;13,7918;5,22932;6,45459;0
1;30µl-nr5;15-2;362;647;0,095083617;10;0,94719;0,64009;243,0112;187,8387;179,4516;59,2289;57,2137;53,3859;87,067;9,10295;10,4037;11,8858;5,66271;8,61724;77,7286;8,67041;7,82111;21,1703;5,37932;7,90247;1
1;30µl-nr5;15-3;458;1396;0,030554893;13;0,88404;0,26095;223,0546;180,0698;151,907;30,0352;43,7541;50,8873;70,5941;21,1829;26,6614;14,8161;9,16715;9,42249;77,9439;17,9705;23,1951;14,081;10,3572;10,101;0
1;30µl-nr5;15-4;483;1236;0;16;1,0195;0,21425;179,5851;134,78;116,72;30,1638;17,5386;13,5074;58,0667;18,0031;16,6407;7,55584;4,43589;3,75973;61,4737;19,9849;18,6194;7,98776;4,49129;4,03118;0
1;30µl-nr5;15-6;594;1391;0,073904076;9;0,60944;0,53975;141,8264;106,0388;93,30097;6,84148;3,97522;2,80698;47,7952;12,9252;12,6265;2,68613;2,46198;1,9335;48,5248;14,098;13,4133;1,71389;2,18688;1,49638;1
1;30µl-nr5;15-7;651;1617;0;12;1,0467;0,20261;213,1776;178,0741;160,2963;30,3035;18,4952;14,7017;72,6308;14,1592;13,6917;9,53566;4,40524;4,66621;76,6751;16,0195;16,1751;7,85001;4,39607;4,61492;0
1;30µl-nr5;15-8;798;583;0,204851402;11;0,41055;0,70499;126,6026;79,20548;47,87671;5,74582;2,77868;5,99292;38,8735;15,6792;26,5122;0,809559;2,45456;3,43539;38,3219;16,2343;26,3759;0,85071;3,00585;4,08747;0
1;30µl-nr5;15-9;806;1671;0;14;0,99195;0,22988;173,981;140,7556;124,3333;27,4135;15,5712;10,7302;59,1319;13,2055;14,1805;7,59254;4,28583;4,90329;62,4611;15,245;15,5476;7,05675;4,12106;4,38495;0
1;30µl-nr5;15-10;920;1457;0;23;1,0063;0,18065;174,1984;119,73;102,08;25,8822;17,8376;14,894;56,6819;16,6998;18,3622;5,90506;2,67228;3,26781;54,5815;16,3603;17,0575;7,58445;3,53404;5,64586;0
1;30µl-nr5;15-11;1057;655;0,029801041;16;0,222;0,18274;243,3698;229,5739;226,287;28,4968;31,9259;34,1017;89,1562;7,70229;5,88317;12,3902;5,32356;5,52696;92,4152;6,15365;4,06286;11,6539;3,09538;4,81849;0
1;30µl-nr5;15-13;1097;276;0,460562911;21;0,93904;0,25188;185,1902;155,4881;140,5714;28,0766;11,7571;6,15911;65,0497;11,6266;10,1217;6,83576;5,27216;7,29934;68,0608;15,1506;14,4363;5,74849;5,68251;7,39102;0
1;30µl-nr5;15-12;1160;1680;0,511249492;17;0,36025;0,56035;151,3386;125,2753;110,4551;16,9988;10,2256;7,1994;52,7142;10,8112;11,7086;4,74901;3,49461;3,44426;55,7417;12,5033;13,7183;4,57501;2,8283;2,87268;1
1;30µl-nr5;15-14;1271;488;0,066979867;11;0,22993;0,58001;135,1091;97,07035;80,18593;18,9482;14,0049;17,4541;46,0984;11,6271;12,8244;3,43733;3,95344;5,9754;44,4029;12,3323;15,4175;5,96625;3,48089;5,73672;0
1;30µl-nr5;15-15;1249;1463;0,00891895;18;0,97411;0,33436;186,5713;126,8684;103,2895;17,6326;10,1197;6,43701;58,0791;21,2836;22,3695;4,39486;2,8077;2,83915;59,0509;21,7765;22,8152;4,6448;3,01612;3,19604;0
1;30µl-nr5;15-17;1457;1231;0,083164879;23;0,96189;0,27598;238,3149;219,708;217,5401;25,3241;38,8748;46,1452;85,4211;10,6549;7,33428;14,958;6,75429;8,18963;89,4758;8,60231;4,55692;12,914;5,427;6,75497;1
1;30µl-nr5;15-18;1606;708;0;11;1,0341;0,2145;237,5983;200,7667;180,6333;34,0866;30,8351;26,5972;81,9887;12,1549;15,5081;10,5855;3,78752;2,77512;83,7378;11,6663;15,5121;11,5773;3,25264;3,0183;0
1;40µl-nr1;16-1;267;988;0,070942176;10;0,59981;0,31732;135,2668;110,3611;108,3056;8,11358;4,58812;4,99193;48,2277;10,4199;5,26367;2,2931;2,6292;2,04162;49,3232;11,1818;5,55026;1,92523;2,59092;2,2257;1
1;40µl-nr1;16-2;259;1076;0,064203878;13;0,41714;0,39172;128,2755;30,75714;33,45714;17,0222;27,5004;28,8784;30,8925;37,5801;22,0141;6,94259;11,6445;11,3915;28,9009;38,5604;24,1066;7,02839;11,7631;10,662;1
1;40µl-nr1;16-5;462;1374;0,259711833;7;0,29625;0,3041;127,5355;102,2571;88,74286;7,80476;4,15527;1,57596;44,9921;8,81531;11,0301;1,58267;1,77041;1,99682;45,7347;9,31593;11,988;1,88148;2,02024;2,39859;0
1;40µl-nr1;16-6;526;592;0,371837733;16;0,57499;0,35181;229,6129;173,3585;152,3019;42,7439;46,6917;48,1569;75,9001;16,7935;20,7499;12,8192;7,10373;8,12106;74,8622;16,7701;18,5729;16,7407;6,70437;8,31824;0
1;40µl-nr1;16-9;612;862;0,117561932;12;1,0597;0,30638;224,4067;193,4375;188,4688;38,8092;50,5715;55,4937;76,5631;15,5839;11,0202;14,3344;6,39041;5,35504;81,0351;13,0321;7,97059;17,3155;7,63133;6,52529;0
1;40µl-nr1;16-10;719;1527;0,186646103;15;1,0453;0,30433;180,7934;134,3421;120,3421;22,3299;17,9929;17,6394;59,0735;17,5055;15,4652;4,44229;2,69098;2,75388;60,714;18,0871;15,4465;7,16567;2,47128;2,8565;0
1;40µl-nr1;16-11;757;842;0,156354875;12;1,0137;0,34852;218,8058;188,44;179,76;33,5916;46,2681;49,5994;74,3779;15,6724;12,1543;14,5295;6,65865;5,50923;79,3626;13,1429;10,0608;15,5749;6,80721;5,34293;0
1;40µl-nr1;16-12;808;425;0,010804333;16;1,0158;0,44754;162,2007;123,5873;106,5556;11,6844;6,22076;5,30301;54,5149;13,8279;14,62;3,78047;2,60259;3,15255;55,6617;14,4965;15,9006;2,77107;2,8703;3,13086;0
1;40µl-nr1;16-13;821;1528;0,481658391;11;0,45125;0,41479;131,8066;105,6769;93,83077;7,16421;4,85447;2,03538;46,4688;9,30562;10,3691;2,23826;1,65709;2,11316;47,1946;9,70587;11,0544;2,01907;1,78089;2,21678;0
1;40µl-nr1;16-14;825;1603;0,16402663;9;0,79433;0,50089;134,8967;106,9091;92,15152;4,72862;3,16587;1,76991;47,2826;9,18898;12,6654;1,74738;1,46425;1,80746;47,6122;9,2136;12,6553;1,2569;1,80125;1,34462;0
1;40µl-nr1;16-15;827;1300;0,473720803;13;1,0514;0,17464;205,5439;111,3462;61,61538;22,6463;4,03923;5,46316;56,5256;34,188;42,8067;3,67922;7,5332;7,31044;58,3516;36,8844;45,1654;3,61371;7,86104;7,40148;0
1;40µl-nr1;16-16;923;1071;0,46657609;13;0,98018;0,48731;221,5603;204;198,6429;31,2401;45,7964;50,2678;76,4721;14,274;10,4722;17,0338;6,88902;5,66269;84,5721;11,5704;7,5334;15,2281;7,12897;6,33666;0
1;40µl-nr1;16-18;954;1015;0,626317635;10;1,0618;0,35887;201,1139;167,2903;159,7097;32,9189;21,3404;17,9521;67,9296;16,5163;8,96077;9,57346;3,64694;3,13914;73,1777;18,4758;11,4844;8,9429;4,38426;4,38804;0
1;40µl-nr1;16-17;999;277;0,976273276;10;0,45596;0,46721;150,3168;131,3158;126,7544;18,1166;9,38113;6,47604;55,4824;8,12739;4,66483;5,1036;3,03171;3,43457;57,2727;9,81096;6,4197;4,34552;3,49322;3,17242;1
1;40µl-nr1;16-19;1015;1634;0;13;0,7535;0,41208;162,1582;122,68;101,0267;18,2808;9,15063;7,22416;53,9349;14,3992;15,9344;5,3951;3,11437;5,60203;55,6194;15,5046;19,0288;4,3687;3,18169;6,12769;0
1;40µl-nr1;16-20;1086;568;0,143967466;17;0,99347;0,20873;181,8294;139,7051;130,5513;18,4584;11,4972;10,0952;60,2115;17,1756;11,8087;5,82541;3,03086;2,20922;62,8065;18,2889;12,5924;5,06119;2,72148;2,16046;0
1;40µl-nr1;16-21;1137;312;0,211597164;19;1,0128;0,33505;224,2766;162,6418;143,8806;18,945;10,8526;10,2507;73,568;18,2395;17,8728;7,72832;4,9688;4,6415;72,0916;20,0078;18,6127;4,62178;3,61671;4,17052;1
1;40µl-nr1;16-22;1204;1587;0;15;1,0344;0,25239;232,4624;204,7174;197,7609;28,6411;41,1678;46,302;79,0289;15,761;12,4472;13,7284;7,55351;6,03723;85,1688;12,504;8,78352;13,5543;8,11249;7,17591;0
1;40µl-nr1;16-23;1359;1526;0,01703816;22;0,96377;0,27042;205,3609;145,075;142,325;62,5918;62,1523;61,1306;71,5409;13,1425;8,32414;21,3411;7,01091;7,39302;62,22;11,7515;6,11247;23,3194;5,56521;5,1647;0
1;40µl-nr1;16-8;582;1128;0,304208036;11;0,56817;0,38271;18,76887;11,6;11,8;4,69459;2,59513;2,3819;3,98677;2,35258;0,745229;0,81137;1,26608;0,706122;3,68546;1,94413;0,606579;1,08267;1,47538;0,908702;0
1;40µl-nr2;17-2;545;859;0,096818479;4;0,42825;0,45307;129,5867;99,19231;87,13462;10,7938;6,09094;3,95578;43,8934;11,9711;11,4631;2,2957;1,8348;1,68539;45,2;12,1415;12,2687;2,86525;2,17438;2,1212;0
1;40µl-nr2;17-4;622;1035;0,04584244;15;1,0402;0,19937;198,7236;119,0323;96,48387;28,8125;13,5437;11,0932;59,1861;27,0227;24,2084;6,33406;6,06734;6,00482;58,0927;28,5655;25,5683;6,76837;6,00411;6,26378;0
1;40µl-nr2;17-13;672;1715;0,608831051;13;0,98108;0,31532;201,962;149,75;134,7105;31,0275;18,2582;15,3639;66,315;18,0347;14,6006;9,94522;4,72172;3,83769;67,2501;20,3679;16,8008;8,16829;4,53794;3,49484;0
1;40µl-nr2;17-5;689;453;0,054271117;24;0,97006;0,25269;160,2797;103,5825;94,50485;29,896;22,3613;17,6379;51,606;17,5717;14,6726;10,0857;3,95782;4,62506;48,0136;16,5499;12,1565;9,41967;3,42748;5,09785;1
1;40µl-nr2;17-6;694;1664;0,076020167;12;1,0333;0,36185;144,9936;100,3947;86,78947;6,61354;4,00364;3,02385;47,2607;15,417;14,7838;3,05834;1,76919;1,75616;46,7349;15,8306;14,781;1,73839;1,88181;1,55633;0
1;40µl-nr2;17-8;777;1394;0,234976771;9;0,8682;0,24826;227,0594;192,3333;188,6875;47,3842;60,834;65,9784;79,6935;12,8612;8,96861;19,695;8,51586;7,04508;80,1641;11,9899;6,95725;21,0593;8,76893;7,27344;0
1;40µl-nr2;17-9;804;1634;0,14826814;12;0,83937;0,67199;131,3201;93,24324;83,37838;4,28823;2,56478;1,87604;43,6509;13,5845;11,6358;1,85662;1,83798;1,50634;43,2575;14,0304;11,7869;1,03856;1,70905;1,31341;0
1;40µl-nr2;17-10;835;865;0,572185323;20;0,96681;0,17863;172,6347;122,7143;108,8673;16,3172;9,55936;8,90226;55,4819;18,9129;14,846;3,98306;2,84458;2,93394;56,8875;20,2899;16,5019;4,23292;3,50851;3,28165;0
1;40µl-nr2;17-11;1018;976;0,072798806;22;0,91593;0,2151;163,2763;123,5794;110,8037;34,8417;24,763;23,418;51,7321;19,4665;14,6567;7,7807;3,88914;3,26471;57,3817;21,3696;16,3282;10,4111;4,04268;3,16113;1
1;40µl-nr2;17-12;1014;644;0,903085297;10;0,95634;0,39338;139,1475;81,96552;67;7,71634;3,65946;3,11677;41,0124;22,5082;18,5852;2,37798;2,45478;2,03678;41,7201;24,0052;19,8807;1,78586;2,53171;2,0047;0
1;40µl-nr2;17-13;1110;1713;0,608831051;13;0,98108;0,31532;201,962;149,75;134,7105;31,0275;18,2582;15,3639;66,315;18,0347;14,6006;9,94522;4,72172;3,83769;67,2501;20,3679;16,8008;8,16829;4,53794;3,49484;0
1;40µl-nr2;17-14;1136;780;0,342502328;13;1,0055;0,25239;226,3974;164,9773;151,2727;27,5838;27,8012;27,4788;72,9725;21,3353;15,9183;9,462;5,3934;3,86281;73,5296;22,6133;16,9031;9,96516;5,38115;3,40706;0
1;40µl-nr2;17-15;1189;1274;0,693770168;23;0,93659;0,16288;216,9833;195,9683;181,9603;35,2989;46,8101;44,7411;73,257;15,7726;13,1428;17,2018;7,38511;3,5991;81,827;11,7617;12,3814;15,7649;8,00808;3,78161;0
1;40µl-nr2;17-16;1264;1721;0,838306921;12;1,0248;0,44003;213,0338;165,2121;146,4545;21,7815;30,5499;35,7614;68,5012;19,7359;20,4198;8,28457;4,29706;4,09125;72,6489;18,949;18,2931;10,1783;5,02255;5,3017;0
1;40µl-nr2;17-17;1320;844;0,951564051;16;0,69253;0,38578;248,0125;218,9556;215,1111;39,9432;44,549;46,2322;91,2081;7,12906;5,5174;10,5314;4,56048;5,4401;88,7891;7,34397;4,86651;16,144;4,68187;5,41707;1
1;40µl-nr2;17-18;1441;800;0,649944276;15;1,0149;0,27195;243,572;204,1875;191,8125;23,4599;30,5054;33,1878;81,9386;16,1564;15,0048;10,8336;5,85761;4,09047;85,5741;14,1928;12,3285;10,0838;7,09207;6,26232;1
1;40µl-nr2;17-20;1695;884;0,824094888;16;0,8421;0,14875;219,1775;176,575;147,825;29,6953;30,0479;24,0091;71,4613;17,3495;22,5671;11,4851;7,2531;8,49014;76,7899;18,1022;23,1775;10,1165;8,13728;9,90712;0
1;40µl-nr2;17-21;1679;1361;0,258572447;21;1,0043;0,34201;190,4661;143,9712;135,6346;22,5472;19,1253;18,887;65,0907;14,5748;10,4166;6,21866;2,66129;2,33514;63,2566;14,1341;10,3442;7,45746;2,57904;2,13905;0
1;40µl-nr3;18-2;431;951;0,051801689;9;0,80473;0,73302;241,0945;163,9512;143,3415;54,073;48,5988;44,4919;79,079;18,248;20,3661;9,60649;8,16934;6,20439;72,1257;19,5129;19,5089;18,1498;10,3916;9,80175;1
1;40µl-nr3;18-3;456;1533;0,035925064;11;1,087;0,36523;230,4181;190,3;170,45;35,5815;39,1315;39,2005;76,1458;17,4508;17,9461;9,56359;6,52739;4,95713;80,7111;14,8102;16,8434;13,6804;7,70202;6,9379;0
1;40µl-nr3;18-4;600;1579;0,022076842;19;0,71819;0,44153;215,2549;108,7078;73,37662;53,8869;27,1693;26,65;60,8992;32,7729;37,3273;8,59694;11,3646;10,8278;55,8125;32,6725;35,3472;12,5351;14,3356;15,3634;0
1;40µl-nr3;18-5;786;709;0;17;0,88415;0,25725;215,8431;170,5321;165,3578;35,0673;39,3819;41,5687;72,475;17,2812;11,1899;14,7178;6,06155;5,82669;73,8414;17,2216;9,74554;13,9823;5,65336;4,79145;0
1;40µl-nr3;18-6;795;1269;0,0101445;17;1,0114;0,36845;205,2109;174,3788;163,9697;41,7132;53,4904;57,889;67,962;17,7548;14,5817;17,42;6,98384;6,48614;74,794;15,7663;12,3464;18,3417;8,45396;6,58739;1
1;40µl-nr3;18-7;1099;632;0,542141354;18;0,9794;0,25807;211,3236;158,6607;142,3214;25,2408;33,8493;38,8629;66,4096;22,6308;19,6642;8,04339;4,05143;3,88685;70,7642;21,1633;17,9903;11,3412;6,18188;6,33032;0
1;40µl-nr3;18-8;1192;1270;0,068797793;27;1,0076;0,22175;141,6808;89,60976;81,71545;56,0325;43,7333;40,1912;46,4372;14,6051;11,3077;18,0665;5,6621;3,94676;40,6309;12,6936;9,99066;19,0828;5,6644;4,19825;1
1;40µl-nr3;18-9;1177;712;0,49523783;14;0,98853;0,28153;150,7726;88,66667;37,68421;9,04213;5,50757;10,0661;44,3924;20,6198;37,1507;2,06634;4,49954;5,67573;44,444;22,7391;39,6267;1,74925;4,63285;5,59523;0
1;40µl-nr3;18-10;1227;619;0,163543568;14;0,98958;0,35998;151,8958;83,77273;31,47727;15,1248;3,83293;6,0559;43,2252;23,6796;40,0156;2,25847;6,48055;4,97438;44,2274;27,749;42,7468;1,88504;7,50236;5,19815;0
1;40µl-nr3;18-11;1331;1371;0,545502028;12;0,35103;0,72786;129,1531;56,76238;30,55446;6,71795;12,5301;12,3;34,4087;27,128;29,9111;3,09974;5,19067;2,98438;33,4106;29,1128;30,7752;3,2357;6,33734;4,58749;1
1;40µl-nr3;18-12;1563;1483;0,173740664;18;0,95574;0,27897;243,0114;225,3409;221,5227;23,4274;32,9684;39,9963;85,7216;11,7943;11,0158;13,4903;8,26584;10,9026;91,3243;7,68059;5,0382;11,1385;5,029;7,26357;1
1;40µl-nr3;18-13;1560;1364;0,29357658;12;0,81213;0,47469;155,8278;116,0545;102,2364;20,232;14,9993;13,5892;52,2906;13,9091;13,4361;6,02966;2,67546;2,64601;52,8543;15,461;14,4874;6,29559;2,7681;2,39911;0
1;40µl-nr4;19-1;279;1073;0;13;1,0253;0,27271;234,6753;207,0571;193,6571;30,0037;39,2068;46,4283;80,5004;13,5601;15,7574;12,3724;7,66656;10,7865;85,6764;10,711;11,5729;12,8689;8,2763;11,2883;0
1;40µl-nr4;19-2;300;1108;0,47782237;10;1,0381;0,49711;188,544;159,75;150,5;41,5886;27,7941;21,515;66,4973;11,3541;8,85638;10,1149;4,18079;4,46057;68,9988;13,507;10,3943;11,6214;4,47393;5,34134;0
1;40µl-nr4;19-3;391;1296;0,005014755;21;0,94047;0,34001;226,6106;183,0149;159,5299;39,8631;32,9296;25,8057;75,1677;16,3392;18,2054;12,3472;5,01999;5,22644;78,2519;15,3506;19,0096;12,5541;5,11435;5,17487;0
1;40µl-nr4;19-4;510;1028;0,05604063;11;0,49982;0,44738;201,6142;188,6642;177,8905;45,5771;55,6452;59,1695;69,6563;12,7129;12,5769;18,624;6,64887;6,01821;78,6396;10,5777;10,2673;19,3399;7,30979;7,15301;1
1;40µl-nr4;19-5;474;1367;0,729974943;13;0,97805;0,19579;213,9314;187,5;172,1;41,336;43,6055;45,8234;73,9134;12,9544;12,4483;16,6664;6,1177;5,988;79,1764;13,3384;13,8221;15,4521;7,14519;7,82305;0
1;40µl-nr4;19-6;541;1454;0,8075326;17;0,80575;0,32687;199,6459;160,1176;139,3361;42,2164;27,4662;20,719;64,9834;17,8891;17,2347;12,3177;6,17241;6,37654;71,0568;20,1012;19,7622;11,6049;5,07435;5,71221;1
1;40µl-nr4;19-7;533;1583;0,827106179;13;1,0503;0,29001;185,8398;143,0811;127,7297;14,7882;8,51267;6,7233;62,8413;14,2502;14,5234;3,63124;2,79585;2,41954;63,2158;14,6407;14,6783;3,78768;2,81192;2,00116;0
1;40µl-nr4;19-9;604;733;0,141236839;10;0,47637;0,44103;124,758;98,8125;93,04167;3,1521;2,39375;1,67533;44,0516;9,74498;7,61831;0,904485;1,51635;1,18918;44,3631;9,8761;7,40688;0,852803;1,55873;1,0374;1
1;40µl-nr4;19-10;629;987;0,788251076;14;1,0387;0,29194;223,3622;156,7317;136,9024;33,4386;21,4103;18,2809;70,3118;22,6319;20,4234;8,90955;4,38665;3,58303;70,7582;23,3202;20,7412;9,14882;4,9032;3,92307;0
1;40µl-nr4;19-11;715;1437;1,074485572;13;0,43776;0,42349;152,8162;127,1136;115,5;29,9944;18,4985;15,4695;52,4426;12,4049;10,7059;7,23918;3,5912;3,08992;56,8528;14,3816;12,5357;8,29715;4,19242;3,38126;0
1;40µl-nr4;19-12;932;1146;1,03261649;10;1,0283;0,46154;234,8542;156,3333;141,5926;27,8526;29,1719;30,2976;76,7458;19,9947;16,3047;10,6544;8,12384;6,34301;70,9455;24,7503;18,5868;10,217;6,18955;6,18106;1
1;40µl-nr4;19-13;999;1458;0,164279803;15;0,49672;0,65898;139,7377;103,1981;92,75472;13,1406;7,76613;5,75005;46,9897;13,2995;11,5065;3,14085;2,2743;1,92925;47,1151;13,3119;11,6936;3,60875;2,56904;2,18916;1
1;40µl-nr4;19-14;1153;1485;0,078261153;18;0,67955;0,48789;132,1003;74,34146;41,5122;7,6765;8,4316;11,3651;38,8029;20,1294;27,3965;2,87421;4,59437;5,73653;38,2273;22,3596;30,1939;2,74445;4,16976;4,58777;0
1;40µl-nr4;19-15;1200;606;0,176151329;14;0,9956;0,44114;191,2565;130,5676;114,9054;40,3829;38,5309;37,9564;62,6666;17,2105;17,4959;14,4298;6,52924;5,7664;58,5294;16,2333;15,7966;14,5004;4,88293;4,58045;0
1;40µl-nr4;19-18;1309;628;0,706658451;20;1,0017;0,23154;239,9203;182,4235;170,8353;35,7516;49,1754;51,8199;81,1915;16,3047;12,4343;11,6967;6,77091;3,94796;78,0759;16,5646;13,2725;16,5723;8,25831;5,97903;1
1;40µl-nr4;19-19;1469;1380;0,320158197;10;0,86072;0,11384;130,1287;105,8857;96,91429;13,3605;7,90298;5,38719;45,9679;9,7655;8,3136;2,09447;1,80891;1,78066;47,2733;9,87854;9,3366;3,58964;2,55534;2,38908;0
1;40µl-nr4;19-20;1519;1249;0,513747434;8;0,78871;0,70969;145,0809;112,2105;103;12,8979;13,2564;13,499;51,4401;10,02;8,71304;4,93744;2,17749;1,9733;49,728;9,6458;9,34724;5,10496;1,63463;1,67915;0
1;40µl-nr4;19-21;1541;566;0,81012643;12;1,0285;0,26122;210,1465;172,2;154,75;26,9662;17,9789;14,8872;71,715;14,4037;12,5837;8,2687;3,60335;5,28195;74,6503;16,5776;16,2627;7,28999;3,57248;5,87559;0
1;40µl-nr4;19-22;1566;736;0,010982925;17;1,0115;0,42159;204,5243;170,9836;155,6557;38,4433;47,814;54,8567;66,037;19,0262;19,5431;12,1869;5,43744;5,53575;73,6023;15,5131;15,0166;16,4978;6,99323;7,91153;0
1;40µl-nr4;19-23;1604;986;0,034333562;22;0,97897;0,25813;214,3876;180,9925;164,9023;36,3003;43,0856;45,4907;70,8459;17,272;16,6621;13,4421;5,98929;5,6642;77,3366;15,3416;15,1221;14,8371;7,04872;7,02135;1
1;40µl-nr4;19-17;1258;734;0,765900007;12;1,0613;0,081798;16,93429;11,68;11,72;3,13422;2,5285;2,44131;3,75768;1,70585;0,426623;0,71028;0,946529;0,497824;3,56136;1,29944;0,442704;0,841343;0,697154;0,410585;1
1;40µl-nr5;20-1;306;1254;0,057260928;18;0,46316;0,75269;202,19;136,5727;126,0727;56,4299;49,352;44,2345;67,7936;15,8972;14,0156;16,4663;6,97496;7,30978;60,3478;15,3597;12,1449;18,9078;7,21569;7,9832;1
1;40µl-nr5;20-2;603;951;0,007342084;24;0,97368;0,14614;218,7375;153,8791;136,3297;17,8402;13,8161;14,0436;68,885;22,9036;19,0861;6,734;3,65314;3,53644;69,883;23,9083;19,7599;5,40654;2,79603;2,95643;0
1;40µl-nr5;20-3;623;567;0,051356594;18;0,86497;0,23944;141,8614;74,9469;38,02655;6,95299;10,8256;14,7409;41,0479;22,3955;30,828;3,12013;6,5293;7,00867;39,8408;25,9511;34,1917;2,65273;6,46252;6,06705;0
1;40µl-nr5;20-4;642;426;0,070006987;7;0,20884;0,39782;161,267;124,0083;108,4132;21,8637;12,5403;7,70137;55,1158;12,4755;13,4703;4,5675;2,94306;3,64182;55,4882;13,4375;14,5549;5,73068;3,46442;4,34623;0
1;40µl-nr5;20-5;762;1143;0,055986939;12;0,74973;0,5598;137,8712;99,67391;91,8587;7,31961;4,01127;3,2769;45,8163;14,5293;10,4275;1,7397;2,03306;1,55669;46,1414;15,0541;10,852;1,84121;2,12521;1,61783;1
1;40µl-nr5;20-6;790;711;0,125742192;11;1,0159;0,39673;163,6908;124,6667;112,4333;25,6855;15,5593;12,6073;53,6073;16,8161;13,0579;5,94885;3,10278;2,67951;56,9222;17,9945;14,4688;7,04977;3,72256;3,19363;1
1;40µl-nr5;20-7;803;975;0,032418714;14;1,0099;0,23749;153,1861;115,2326;108,0465;15,1069;8,92785;8,17649;50,8594;15,7317;10,3186;4,24744;2,33139;1,72867;52,6901;16,2483;10,7963;4,12878;2,65304;2,00716;0
1;40µl-nr5;20-8;821;1253;0,035925064;12;1,0869;0,49078;178,7043;135,4;128,85;11,3467;5,66986;5,93185;58,8585;17,8591;11,1576;5,60958;3,14207;2,28653;61,337;18,9584;11,4023;2,52074;3,17007;2,54246;0
1;40µl-nr5;20-9;894;410;0,071902714;21;0,9894;0,31941;232,0128;183,9746;177,6949;40,5542;44,1049;44,7438;81,5345;12,3392;8,6285;15,4827;6,22062;5,07974;78,1688;14,9781;9,36638;15,6086;6,71386;4,57001;1
1;40µl-nr5;20-10;1022;1273;0;15;0,55831;0,22361;132,784;15,44248;15,60177;22,5088;4,29688;5,49275;27,8517;46,363;33,364;4,1671;5,72349;6,69103;26,2947;44,5456;31,4944;5,00955;6,80633;7,44985;1
1;40µl-nr5;20-11;1070;331;0;9;1,0377;0,33589;215,3978;175,2632;164,5789;39,8877;26,6267;24,0908;73,2513;15,1232;11,6939;9,66791;4,92752;3,72533;75,8745;17,5681;12,8227;11,1367;4,42624;3,51137;0
1;40µl-nr5;20-12;1170;467;0,027124249;9;1,0171;0,54437;230,2;177,8077;153,5;28,103;31,6797;31,2195;76,5066;16,8384;17,8009;10,7973;6,90706;6,12626;77,6787;20,0054;21,5931;10,744;7,53498;7,59212;0
1;40µl-nr5;20-13;1223;642;0,02507663;11;1,0303;0,24542;150,4146;121,4815;113,7407;17,1472;10,2558;8,58708;51,7113;12,8734;8,88619;4,25904;2,29308;1,92926;54,479;13,7331;10,0055;4,6357;3,07422;2,3064;0
1;40µl-nr5;20-14;1223;508;0,057814868;8;0,99959;0,63044;221,4097;161,28;143,92;55,1763;46,8566;41,6942;73,0923;17,3693;17,8246;11,0115;6,21695;5,43068;70,0756;15,9442;16,0982;18,0254;7,62752;7,62328;1
1;40µl-nr5;20-15;1283;1128;0,049701803;16;0,66195;0,49232;137,4797;100,6538;90,82692;7,73742;4,3795;3,25738;45,5536;14,5016;11,1476;2,37803;2,4091;2,02784;46,7168;15,5673;12,3222;1,89547;2,51919;1,80996;1
1;40µl-nr5;20-16;1333;480;0,037268749;15;1,0156;0,077077;200,2165;151,3929;138,0714;33,2426;20,0741;15,8904;65,7571;18,3394;13,4068;9,2372;4,86658;4,28741;67,8567;20,4502;15,798;8,81576;4,76308;4,29711;0
1;40µl-nr5;20-17;1401;650;0,01328948;16;0,90883;0,56274;198,1163;145,59;125,66;16,547;9,6746;7,62534;62,506;21,2517;19,3686;6,92532;4,54164;3,96094;66,6867;23,4803;21,0746;4,22292;3,18185;2,71112;0
1;40µl-nr5;20-18;1389;725;0,052140608;9;0,99497;0,60042;214,6492;141,6481;113,1852;16,4103;8,96778;6,56197;64,7934;26,2773;25,8729;5,89401;5,43635;5,57916;66,8348;28,5796;28,3652;3,97087;3,21085;3,77836;0
1;40µl-nr5;20-19;1416;1004;0,071902714;11;0,91684;0,31542;151,7196;115,2778;104,8056;21,0389;11,5749;8,97558;50,6109;14,7671;11,6053;4,75624;3,25846;2,8352;52,7327;16,2088;12,7719;5,50558;3,54284;3,08838;1
1;40µl-nr5;20-20;1530;857;0,041728174;14;0,87657;0,43749;164,9786;126,6034;115,4483;25,4975;17,4843;16,2782;55,4082;14,7543;11,9036;7,46824;3,57443;2,97819;57,1351;16,1391;13,0246;7,48301;3,5268;2,74106;0
1;40µl-nr5;20-21;1565;974;0,052140608;16;0,98759;0,34468;163,3261;121,7593;110,5741;18,9435;17,5992;18,1914;54,9669;14,4208;12,404;5,39468;3,05005;2,58911;55,1493;15,7987;12,9914;6,79186;2,57207;2,08992;0
1;40µl-nr5;20-22;1695;722;0;8;0,56653;0,58556;146,9652;131,1972;123,169;16,1119;8,72369;8,02653;54,5835;6,89086;6,44337;4,06008;3,2071;3,42198;56,9898;8,63041;8,05698;3,78297;3,75562;4,2641;1
2;20ul-nr1;1-1;386;1397;0,164541243;21;0,89573;0,17484;222,0427;183,3269;148,8846;36,733;38,1172;31,8982;75,7046;11,0666;23,971;13,3278;6,68787;6,99196;77,135;10,0549;23,1151;13,4124;6,99589;6,42025;1
2;20ul-nr1;1-3;830;1791;0,181985881;20;0,97892;0,3233;232,6394;225,3196;211,1649;28,2003;33,3387;37,5771;85,7717;4,87232;11,082;15,4379;4,45269;7,8595;90,7412;4,69953;9,48554;11,5424;4,60265;8,24662;1
2;20ul-nr1;1-6;1115;1255;0,974310345;21;1,0072;0,23237;242,735;223,837;207,1413;30,4304;38,1012;40,4558;88,3319;5,93338;13,0753;13,5316;6,31134;7,38692;90,2544;4,96982;10,9923;13,1874;5,05893;7,67748;1
2;20ul-nr1;1-8;1452;1271;65535;23;0,95903;0,21163;212,6876;175;145,025;37,2868;42,6346;44,2739;70,5903;14,5842;23,4664;13,7724;6,26779;5,50971;74,8885;13,7643;22,3607;14,8418;6,97759;7,3794;0
2;20ul-nr2;2-10;1452;869;0,246886084;11;1,0266;0,47705;236,5815;223,9;210,6333;19,5854;31,1994;41,6988;84,9715;8,29176;12,7694;14,5592;6,19432;9,28533;90,7159;6,58389;9,8149;10,1164;5,43005;9,46621;1
2;20ul-nr2;2-11;1579;764;65535;11;1,0641;0,37421;198,074;132,85;48,4;36,7445;11,4399;11,7222;60,5867;18,7711;49,6777;6,09732;8,85097;12,2374;62,4119;23,3161;54,6647;6,95693;9,75755;13,5881;0
2;20ul-nr2;2-5;623;1757;0,209356177;12;1,0289;0,28157;231,3496;186,5789;114,6053;30,922;22,8776;26,506;76,1323;13,2354;36,2638;7,72313;5,70596;16,6963;79,3802;12,354;43,5155;8,41227;6,12491;16,3619;0
2;20ul-nr2;2-6;782;546;0,185495935;19;0,93942;0,27267;204,5676;147,7643;116,2229;48,083;40,2962;33,3716;67,4751;14,4665;25,014;13,4617;5,61661;5,60446;64,7367;14,2409;23,75;15,8741;5,20273;6,05685;1
2;20ul-nr2;2-7;829;882;0,146220521;25;1,0048;0,24454;242,094;220,2439;197,378;15,403;27,1932;38,5418;83,9568;9,98112;21,1043;11,8941;6,5005;7,84486;89,8274;7,60742;15,4166;8,51529;6,16965;11,0955;1
2;20ul-nr2;2-9;1383;768;1,24182665;19;0,60203;0,75612;179,7976;147,3409;115,0114;29,297;26,7043;25,874;58,6641;14,934;24,0118;10,5893;4,05098;4,35509;65,4064;16,4624;25,2229;10,1035;4,0118;3,55921;0
2;20ul-nr3;3-10;1012;657;0,921125821;14;0,31254;0,67967;139,7023;100,7778;92,63492;7,17046;4,85572;3,70581;48,0715;11,7547;10,0503;5,32715;2,68464;2,27488;45,3729;10,5548;9,15245;2,08234;1,83144;1,61816;0
2;20ul-nr3;3-13;1305;1213;0,321213721;11;0,99263;0,53057;199,4417;103,4262;69,19672;31,8136;7,94242;13,1083;55,5004;33,9664;32,6016;4,65244;11,9565;11,3812;57,056;41,1123;39,6096;4,51149;12,6865;11,8564;0
2;20ul-nr3;3-15;1544;1233;65535;13;1,0237;0,37883;251,0344;231,6531;213,6735;16,3381;21,4375;24,439;92,9002;4,4273;9,90786;7,5082;4,16776;5,32241;92,9807;4,0871;11,2698;7,21371;3,5089;6,37177;1
2;20ul-nr3;3-16;1585;1290;65535;20;0,98576;0,49629;242,9124;225,3187;211,3077;20,6295;30,501;37,9402;87,6552;7,49254;12,5098;12,4103;6,26914;8,76675;91,0948;6,03124;9,94788;10,0263;5,30699;8,99712;1
2;20ul-nr3;3-4;629;784;0,201452664;12;0,93057;0,40239;242,7893;163,5455;146,2879;26,7832;28,7884;26,7638;76,8371;23,424;20,1173;10,9762;10,233;4,20727;75,0864;28,929;22,0671;9,23319;11,3142;3,80681;1
2;20ul-nr3;3-5;678;956;0,221776199;10;0,63544;0,32336;133,1308;100,1111;85,40741;17,0645;10,2675;7,2931;43,9186;13,5868;13,9703;3,37293;2,31592;2,08773;46,4428;15,2536;15,1973;4,72922;2,71811;2,7916;0
2;20ul-nr3;3-6;693;858;0,288397661;13;1,0175;0,40273;235,0146;221,6596;190,1702;16,1823;27,2048;31,3718;82,4019;8,43019;21,5835;16,7548;8,195;6,68029;90,0282;5,85168;19,4236;8,55817;6,55998;7,63744;1
2;20ul-nr3;3-7;742;362;0,661413988;21;0,96856;0,27941;241,1014;228,0968;212,6559;27,8059;31,8089;35,3576;88,937;3,92472;12,8561;13,4576;3,97991;8,45468;91,6248;4,21332;9,94996;11,1946;3,61427;8,48053;1
2;20ul-nr3;3-9;781;1369;0,066500637;9;1,0644;0,29741;17,63144;12,09091;12,09091;4,11022;3,47658;3,32249;3,89293;1,77995;0,662675;0,82507;0,817962;0,529252;3,93127;2,18984;0,785912;1,19469;1,61779;0,859162;0
2;20ul-nr4;4-13;1333;1535;0,062477707;19;0,77501;0,3299;143,2022;117,2083;99,55556;15,7022;10,4947;7,0469;50,0381;9,5118;13,6062;4,37021;2,63952;3,02894;51,9225;9,92254;14,5127;4,56662;2,0576;2,69189;0
2;20ul-nr4;4-15;1382;1386;0,763710707;14;0,67012;0,37263;200,122;171,6078;144,6176;42,2596;48,5232;47,44;68,0861;12,6031;18,6869;18,1628;6,19729;5,79082;73,358;13,3035;20,5625;17,0668;5,97358;4,7905;1
2;20ul-nr4;4-18;1527;902;0,334288091;7;0,53757;0,27662;132,4778;107,0909;83,02273;10,8488;7,12943;2,65443;46,329;7,98055;16,7316;2,48636;1,66776;2,6203;47,6431;8,64385;18,0998;3,10843;1,486;3,18294;1
2;20ul-nr4;4-4;729;1793;0,037979013;10;1,117;0,12743;245,4359;218,1111;73,61111;36,8881;35,836;22,0244;87,2225;-4,67752;64,5408;7,68995;6,72355;16,6596;86,7128;-6,39888;68,6457;12,6386;6,39196;22,3124;0
2;20ul-nr5;5-13;1575;1596;65535;16;1,0077;0,30881;242,4855;197,1622;190,6081;30,3077;37,4008;34,9088;87,4372;9,05974;7,83537;10,5803;5,67694;4,29987;81,9353;10,4897;7,5854;12,7574;5,97831;4,12738;0
2;20ul-nr5;5-3;855;929;0,202911395;13;1,0317;0,1532;206,2638;172,5641;84,71795;36,6745;28,5729;5,1245;68,0849;9,7594;44,909;10,2603;2,74534;13,9408;73,5435;9,55497;50,8834;10,9361;2,60069;13,6337;0
2;20ul-nr5;5-5;1021;1116;0,142465031;14;0,9719;0,17093;239,4509;219,5172;210,4655;39,3286;46,4196;52,7743;85,5445;9,80458;11,5375;15,5918;8,26125;10,1505;88,8853;6,68534;7,6028;16,6116;5,24365;8,02441;0
2;20ul-nr5;5-9;1243;985;0,131445677;12;0,97407;0,48506;202,0074;160,6;77,05;47,1882;34,4099;15,4604;65,9724;11,3058;44,0579;10,7946;3,41744;17,94;69,4409;11,7043;48,4303;13,5869;3,70108;22,6967;0
2;20ul-nr7;7-2;468;780;0,11551291;22;0,80797;0,62228;156,8613;115,8632;105,4421;14,7691;13,3366;11,6022;55,4671;9,90729;10,7619;5,19811;1,79261;1,59993;51,3225;10,1284;10,2201;5,26878;1,59743;1,98915;0
2;20ul-nr8;8-11;1550;1162;65535;18;0,9721;0,22686;168,7092;133,5714;83,4127;20,0885;8,91486;10,6826;57,9266;8,14893;28,8601;4,62286;5,03489;9,61626;59,0526;11,1461;33,3695;4,01979;5,5177;9,11144;0
2;20ul-nr8;8-9;1101;1432;0,096067262;17;1,0137;0,22103;246,1758;150,3019;126,1698;43,1371;39,7195;30,6455;75,717;25,6748;26,2435;8,30846;4,64164;3,68445;69,2818;27,0012;24,9617;14,9271;3,83073;5,34486;0
2;40ul-nr1;9-13;1155;914;0,06820874;9;0,7161;0,21477;133,1451;103,5526;94,81579;18,6536;11,3607;8,83132;44,7841;13,3169;9,78366;3,51536;2,11169;1,89085;47,5309;14,4927;11,1117;5,2377;2,60436;2,64212;0
2;40ul-nr1;9-15;1236;1218;0,638180698;15;0,96679;0,31133;246,523;207,1585;180,6341;39,1093;51,4214;49,1648;88,1592;6,23276;19,3999;11,295;7,8824;6,94593;84,6233;6,43992;17,1471;17,5369;8,03148;7,17705;1
2;40ul-nr1;9-2;661;1458;0;7;1,0106;0,41313;199,5314;130,6842;112,7368;30,7197;12,4501;8,14345;60,8986;25,0911;20,345;6,73079;7,00606;5,30943;62,4696;28,3046;22,4839;6,70062;7,03356;5,44157;0
2;40ul-nr1;9-5;748;1491;0,343692036;15;1,0183;0,1341;248,3652;233,2453;226,6415;20,4553;28,3521;30,4972;92,1715;5,98587;5,38468;10,2868;4,87418;4,83911;93,5207;4,86705;5,40894;9,6103;4,17701;4,41654;0
2;40ul-nr1;9-6;817;388;0,186247153;15;0,9873;0,1881;246,981;228,6593;204,8901;17,434;25,0618;31,6275;89,927;4,70284;15,9192;10,8653;6,30095;7,84086;92,0164;4,20054;14,5149;8,13802;5,32813;8,93314;1
2;40ul-nr1;9-7;880;296;0,177161902;17;0,94504;0,30858;235,3299;220,7263;193,6;31,51;35,4279;31,6636;85,598;4,79335;16,205;14,3388;5,90999;8,69118;89,132;4,07532;16,3009;12,15;6,22055;7,34183;1
2;40ul-nr2;10-11;1204;1386;0,827637528;24;0,96145;0,12698;191,9713;148,5643;121,0929;35,3922;43,2281;43,5469;62,0875;17,0421;22,7942;11,374;4,49158;3,8642;65,4786;15,7852;22,2874;14,9037;6,88396;4,93556;1
2;40ul-nr2;10-15;1303;1029;0,126274819;15;1,0308;0,1483;247,0772;229,5472;222,5472;20,8991;30,3502;33,3649;90,0511;7,59041;8,17397;10,61;5,86342;6,32463;92,4827;5,99363;6,07541;10,1089;5,00016;5,20145;0
2;40ul-nr2;10-17;1399;747;0,166986331;14;1,0572;0,2611;195,5016;155,1724;141,8621;21,9748;13,9542;11,5472;65,9083;15,218;13,4066;5,8548;3,29843;2,8421;68,2971;16,7003;14,1804;5,95891;3,05078;2,54163;0
2;40ul-nr2;10-19;1497;1082;0,971614796;16;0,9594;0,2856;232,8255;223,4458;214,3373;35,8726;43,5944;46,2098;85,8506;5,65005;9,18843;17,651;5,25585;6,24133;89,8975;4,8302;6,83086;15,3327;4,24894;5,9572;1
2;40ul-nr2;10-6;911;1440;0,883146809;18;1,0082;0,059965;241,7865;224,1739;214,5072;28,2545;39,9904;45,6552;88,4814;6,39687;10,3286;14,2371;6,56559;7,48918;90,4484;5,71544;7,52934;13,5261;5,34815;7,19895;1
2;40ul-nr3;11-1;485;958;0,069397119;17;0,9209;0,30138;197,6679;162,2705;141,1885;32,3475;19,7815;15,6201;66,1792;14,8216;16,8632;8,87668;4,08209;3,97121;71,1958;17,3436;18,8046;8,53954;4,37913;3,91248;0
2;40ul-nr3;11-13;888;487;0,315896144;17;1,0007;0,17483;245,1536;231,9067;215,24;23,2563;27,3348;31,0025;89,999;4,44731;13,3436;12,0712;4,68824;7,71729;92,8249;3,34873;10,2912;9,60877;2,95967;7,1838;1
2;40ul-nr3;11-14;894;1282;0,314806878;14;1,0227;0,1936;251,771;216,6481;196,8519;14,946;28,8334;27,0844;91,8769;6,02541;11,2447;7,67023;6,12211;5,43788;89,018;9,51573;14,5203;8,66354;8,76022;3,65042;0
2;40ul-nr3;11-19;1242;1654;0,511699815;14;1,0188;0,23051;250,5436;186,6364;159,7091;23,5004;36,2519;30,3154;85,5951;12,392;20,667;8,23374;8,60491;4,34547;80,2935;17,5022;21,9805;11,3688;9,57286;3,8555;0
2;40ul-nr3;11-20;1247;357;0,350875369;9;0,8793;0,56272;133,1164;116,5833;85,125;6,24848;3,96634;1,51263;49,0607;2,96877;19,1615;1,88551;1,55539;2,45223;50,2205;3,16604;20,3276;1,63193;1,72325;2,07955;0
2;40ul-nr3;11-6;732;488;0,05910132;15;1,0261;0,062317;247,1751;228,4167;221,4375;27,4992;32,3188;35,3842;91,5391;6,11103;5,73538;10,1086;3,9685;4,94682;91,9172;5,48942;5,85101;11,4467;3,15671;5,19225;0
2;40ul-nr4;12-1;546;661;0,047144011;7;0,45983;0,20131;131,7075;111,1884;88,63768;15,2164;8,53759;2,68969;46,8935;7,14129;14,6012;2,86704;2,0391;3,5255;49,1349;8,10532;16,865;3,90553;2,40543;4,45266;1
2;40ul-nr4;12-12;1578;882;0,109171463;11;1,037;0,17941;172,1551;139,7059;101,7941;24,1445;15,3614;14,2484;59,073;9,64819;23,2395;5,43586;3,40884;7,12893;61,2523;11,1687;26,3583;6,4784;4,07203;7,82915;1
2;40ul-nr4;12-14;1715;1142;65535;12;1,0105;0,27646;250,0873;233,3958;228,375;29,5521;31,7294;33,2474;93,6753;4,55692;5,28602;8,16757;3,31606;5,29417;93,3043;4,07154;4,21209;11,5719;1,63344;4,35286;1
2;40ul-nr4;12-2;675;948;0,022525948;16;1,0196;0,24718;252,5841;238,0164;231,0492;14,2345;20,5657;23,0705;94,7234;3,54405;7,14367;5,99332;3,19785;4,90917;95,0269;3,91265;5,2209;6,95486;2,87712;3,97507;1
2;40ul-nr4;12-4;742;457;0;13;1,0464;0,20008;249,1797;234,4;231,4;26,4757;30,7194;31,8907;93,2626;5,07718;4,37519;9,31336;3,92652;4,14892;93,7608;4,56294;3,30253;10,982;2,27246;3,08719;1
2;40ul-nr4;12-5;811;624;0,036719388;17;0,99055;0,28343;244,5589;197,6809;162,6596;18,9605;28,2764;27,4538;81,6085;14,5268;24,3483;9,78251;8,16968;5,25298;83,5298;14,0312;24,8454;8,78704;8,42447;4,99569;0
2;40ul-nr4;12-8;968;1503;0,021787258;17;0,71989;0,47162;175,9089;126,2698;98,55556;23,0397;12,1286;6,00746;56,1509;17,8658;21,6698;5,65184;4,1403;5,49497;58,1599;19,369;24,1598;5,78805;3,78852;5,24636;1
2;40ul-nr5;13-12;872;1040;0,586305103;14;0,74351;0,57384;206,4646;152,1136;147,7045;46,7337;43,2856;43,0613;70,7387;14,6841;10,2041;14,3713;4,57251;4,70131;65,6773;13,0691;7,5839;16,6418;3,49204;2,55203;1
2;40ul-nr5;13-13;934;445;0,341593986;20;0,91803;0,17339;228,1711;218,0971;201,2136;35,5338;41,0735;44,6811;81,558;7,74613;14,7401;17,1991;5,58406;7,75211;88,2727;5,39829;11,3055;14,47;4,49598;8,37511;1
2;40ul-nr5;13-16;1121;431;0,600967624;15;1,0169;0,20809;227,5312;204,3488;192;29,6663;34,1278;33,502;79,7028;11,5661;11,5639;13,2388;5,00343;3,8321;84,7789;11,0502;11,0189;11,7657;5,41942;3,75012;1
2;40ul-nr5;13-19;331;615;0,444551248;14;1,0418;0,21816;191,5496;123,5476;100,6905;17,5288;12,5411;11,7939;59,7333;21,7228;21,7546;4,81984;4,46092;4,05791;58,1643;23,1345;23,1194;5,01836;3,98839;4,04889;0
2;40ul-nr5;13-5;608;586;0,184472915;14;0,65069;0,45608;232,5634;216,06;198,94;42,4276;44,961;46,8367;82,5176;8,48422;15,6378;16,0716;6,03237;8,6515;87,4411;5,26992;11,3539;16,2972;4,19741;8,72676;1
2;40ul-nr5;13-9;785;1020;0,181158934;16;1,0054;0,43634;246,657;216,6629;207,9888;39,4208;48,4362;50,7761;89;8,62897;9,3791;11,3024;7,39623;6,32943;87,9747;7,1734;7,5472;17,0326;6,60654;6,61602;0
2;40ul-nr6;14-1;375;749;0,181590256;14;0,62218;0,77509;244,249;142,2473;130,5591;52,1695;45,0332;42,8705;79,1004;21,9377;17,65;13,4845;15,7154;7,16115;67,2187;29,2485;19,9172;16,1412;15,818;7,59192;1
2;40ul-nr6;14-10;844;632;0,630618309;16;1,0144;0,46525;209,9263;149,619;122,746;39,1702;40,0264;37,9278;67,4338;18,2544;24,996;11,0308;6,76689;5,513;65,6241;14,7285;21,443;14,4679;6,88271;4,34821;1
2;40ul-nr6;14-12;1077;1598;0,166986331;25;0,89264;0,24447;219,4231;170,7078;133,8247;31,0037;37,102;37,5362;73,6141;12,7439;25,4917;14,9076;6,6806;5,79014;73,5117;13,9933;26,3612;12,7317;6,2109;5,63417;1
2;40ul-nr6;14-16;1412;1719;1,400949554;15;0,87787;0,58915;204,6156;161,7305;129,8582;47,79;42,9152;36,6732;70,5281;9,74799;22,1786;14,6433;5,65303;5,97683;69,1722;10,9703;22,4181;16,305;5,37517;5,27402;1
2;40ul-nr6;14-17;1609;989;65535;12;1,0152;0,26457;189,3462;147,7593;125,1667;25,0322;15,5429;15,1567;64,7678;12,7983;15,5476;5,984;4,93505;5,89885;65,3134;15,482;19,1789;6,37434;5,8413;6,94;0
2;40ul-nr6;14-2;458;902;0,154021006;15;1,0181;0,26569;235,7011;200,7797;195,7458;30,5686;36,591;38,8226;83,9644;10,6009;8,6381;14,0062;5,58212;5,66799;83,3953;11,2444;7,07228;12,7391;4,74322;4,94166;0
2;40ul-nr6;14-5;582;1020;0,052140608;18;1,0211;0,31717;248,7421;222,037;193,1111;12,7748;29,3682;32,543;87,9374;7,60212;20,1556;8,73373;8,12567;5,84716;90,2802;6,34118;18,2842;8,63015;8,8727;7,26677;1
2;40ul-nr6;14-6;614;902;0,065103261;12;0,44503;0,67326;157,4763;117,1739;97,26087;32,4008;18,9682;14,3031;51,1534;15,6417;17,7236;7,77215;4,11237;3,88385;53,8383;17,2524;18,8667;8,77289;4,67643;4,39815;0
2;40ul-nr6;14-7;721;797;0,14826814;8;0,81415;0,35081;131,0748;96,85714;72,61905;8,01546;5,74705;2,53922;43,5389;11,505;18,8429;1,96838;1,60126;2,16282;44,2528;11,5805;19,6225;2,42526;1,69577;2,30449;1
2;40ul-nr6;14-9;823;572;0,614125516;9;1,0527;0,53739;235,6152;215,4615;192,9231;39,1816;47,2866;45,851;83,5091;8,19478;17,3062;14,0333;6,63403;4,74578;87,1884;4,80688;14,2281;16,6317;5,55929;4,50127;1
2;40ul-nr7;15-1;377;589;0,980668784;7;1,0326;0,50127;156,4187;150,1765;145,4118;24,3818;20,6617;17,3712;59,4464;5,96499;3,23701;6,94324;1,94864;1,9695;63,4336;5,6577;4,83657;8,10244;2,34484;2,52841;0
2;40ul-nr7;15-10;898;1094;0,071259489;17;1,0264;0,19547;249,7094;232,45;217,6667;19,5863;26,6219;27,4459;92,4627;5,32364;7,58359;8,86569;5,09301;4,68484;93,1549;3,96268;9,50617;9,03816;4,31396;4,86747;0
2;40ul-nr7;15-11;989;1592;0,951832029;17;0,80218;0,78953;192,0388;140,0385;125,4423;52,969;31,4583;25,522;63,2325;17,0615;15,4876;7,34134;5,97528;3,93177;62,8942;18,6673;15,878;14,4676;7,39299;6,37296;0
2;40ul-nr7;15-2;474;1482;0,021931094;22;0,96192;0,46339;229,8037;185,8516;166,4839;38,218;33,4648;28,5055;76,857;16,2645;15,6731;11,7008;5,8256;5,1491;79,2635;15,4488;16,7377;12,5221;5,54685;5,29226;0
2;40ul-nr7;15-3;488;934;0,428144197;20;0,97441;0,1638;233,8258;205,0247;168,9753;31,566;38,726;29,733;81,0205;9,60206;21,7599;14,0159;7,01792;5,23474;84,4746;7,71191;22,7444;13,0695;7,75227;4,87229;1
2;40ul-nr8;16-15;1075;1582;0,158956604;13;0,91647;0,51392;154,6844;128,7917;83,16667;13,8262;6,7822;4,07553;53,9965;6,52101;26,0729;4,25669;2,93323;5,78344;56,2811;7,74975;29,807;3,09609;3,23959;5,29058;0
2;40ul-nr8;16-17;1241;794;0,170385069;18;1,0099;0,25909;244,8385;232,9848;222,6818;23,7565;28,9315;34,1419;90,1231;5,26412;10,6183;12,8395;5,77265;7,62054;93,2501;3,99769;7,09325;10,1996;2,41354;6,96477;1
2;40ul-nr8;16-19;1423;1625;0,578623494;9;1,0478;0,32222;170,4716;150,2105;128,4211;26,113;18,7782;13,2846;60,558;8,66526;13,7561;7,48425;3,14275;3,59278;64,5944;9,36537;16,1885;7,7454;2,4055;4,05086;1
2;40ul-nr8;16-2;518;780;0,091607837;17;0,85714;0,14068;201,4642;169,3985;154,2406;37,2074;25,4838;22,0945;68,2972;14,4771;13,4879;10,1479;4,3612;3,42875;73,4928;16,509;14,9871;10,5352;4,11398;3,41438;0
2;40ul-nr8;16-20;1468;1659;0,391466756;13;0,47296;0,44947;133,4668;124,0854;105,4268;17,3085;10,1034;3,08733;50,8184;3,40827;9,78096;3,42482;1,8368;4,28525;53,2885;4,34645;12,8467;4,42319;2,28078;5,56962;0
2;40ul-nr8;16-21;1536;1065;0,578623494;10;0,76399;0,47846;152,3185;131,6322;117,3678;25,1176;14,9239;10,7011;53,9987;9,4137;10,9135;6,08299;3,17355;3,23916;57,971;11,6606;12,9484;6,64459;3,76055;3,89269;0
2;40ul-nr8;16-24;1697;1125;65535;10;0,95303;0,1894;156,7693;133,4333;87,3;18,7519;12,9739;14,4488;55,5923;5,04821;26,3708;4,38768;3,05624;6,2245;57,6672;6,09753;29,3525;5,28114;3,89061;6,85403;0
2;40ul-nr8;16-3;478;493;0,198334212;12;1,0555;0,26662;230,5431;204,3125;109,4688;33,4083;27,4948;23,7555;80,696;2,59112;43,0801;9,20925;4,35879;16,3633;83,2652;1,20501;50,3573;9,97976;4,40209;17,7169;0
2;40ul-nr8;16-9;675;1172;0,559589874;17;1,0197;0,35577;231,8618;161,2273;125,6061;31,6227;23,7324;18,1844;73,7498;20,0781;26,765;6,80862;4,29495;4,83245;71,5629;19,6528;27,9423;9,55686;3,96603;6,20723;1
2;50ul-nr1;17-4;1112;542;0,390555924;8;0,86367;0,25101;131,4248;112,2308;95,34615;6,72504;4,86052;1,59856;47,9204;6,25389;11,4105;1,81766;1,45288;2,22901;48,9433;5,87487;12,5828;1,98925;1,27934;2,411;0
2;50ul-nr2;18-1;331;634;0,211597164;9;0,66814;0,47824;129,4579;118,2941;121,6471;3,77102;2,71027;2,54807;51,6751;3,75337;-0,456991;2,48589;1,60349;1,35174;50,4955;3,49156;-0,817546;1,07724;1,21765;1,35891;1
2;50ul-nr2;18-2;364;807;0,027124249;10;0,90773;0,39275;134,3183;118,5;105,4231;8,86757;6,75426;2,08179;50,3454;4,85396;9,25791;2,37212;1,58937;2,43325;51,2636;5,36209;9,96517;2,67765;1,7533;3,03761;0
2;50ul-nr2;18-4;956;1775;0,703393325;16;1,0153;0,29653;211,9273;205,58;196;51,3958;55,9063;54,5475;78,0619;5,73971;9,36989;20,5804;4,85826;6,36248;83,3525;5,05325;7,15661;20,1399;3,86622;5,56772;1
2;50ul-nr3;19-17;1070;1008;0,229129891;10;1,0699;0,076616;243,0513;166,12;130,64;18,8531;12,4107;8,54342;73,8551;26,2708;29,7164;5,88186;3,4066;3,68428;75,3959;26,4232;30,7067;5,08119;3,06556;3,45354;1
2;50ul-nr3;19-20;1178;1696;0,848035526;13;0,9901;0,31971;249,937;232;209,3103;12,805;21,4509;27,1654;91,2596;4,22788;15,9662;8,83189;5,99834;7,63997;93,0634;3,59661;13,6666;6,79004;5,03363;8,08794;1
2;50ul-nr3;19-22;1295;1083;0,375623793;10;1,0672;0,16651;247,6641;227,2308;205,4231;31,0519;38,2856;34,335;90,3809;4,79329;14,841;10,4332;6,65187;4,45772;91,1174;3,25549;13,0628;13,373;4,79606;4,45688;1
2;50ul-nr3;19-24;1383;1000;0,422583898;8;0,74727;0,27264;127,4157;97,68421;78,15789;5,45583;4,13726;2,77415;43,6264;9,63471;15,8519;1,356;1,48609;1,4275;44,1837;10,2364;16,1747;1,70629;1,40093;1,4471;0
2;50ul-nr3;19-26;1441;1609;0,509084595;18;0,6569;0,53444;237,5625;217,7639;191,2083;28,9612;37,3497;37,5882;85,3764;6,00038;17,6954;14,1632;6,26724;7,58425;88,1879;4,69865;16,3047;12,646;5,67511;7,83139;1
2;50ul-nr3;19-27;1489;1476;0,191150879;20;1,0032;0,30138;229,2418;210,5062;187,0988;39,9583;47,6314;48,1567;81,2277;8,18112;17,1989;16,6301;6,94162;7,55384;85,6025;5,584;15,0195;16,6535;5,78179;8,34587;1
2;50ul-nr3;19-28;1487;379;0,205139855;13;1,0283;0,22893;250,7073;201,375;176,0417;16,0204;25,7117;23,4293;86,6285;11,5;18,228;8,30667;7,93476;4,31276;84,9277;14,6997;19,6987;7,8648;7,99389;3,48893;0
2;50ul-nr3;19-29;1534;904;0,093739932;6;0,74737;0,31189;132,6268;109,0882;85,97059;10,6061;6,85949;2,75775;46,6745;7,74593;15,8211;2,41063;1,57577;2,53485;48,2099;7,72148;17,135;2,96702;1,96888;2,98904;0
2;50ul-nr3;19-3;487;1093;0,059542963;10;0,99483;0,31992;162,3813;128,0556;112,2222;29,7396;15,9749;11,7086;54,2287;14,4778;13,8998;7,38715;4,45303;4,322;57,9341;16,668;16,0026;7,55794;5,05232;4,31082;0
2;50ul-nr3;19-31;1674;728;0,051136904;10;1,0596;0,22898;169,4718;146,6538;133,5385;16,1813;10,0516;7,19016;61,9797;7,29595;9,67313;3,68041;2,64869;2,69518;62,8762;8,10551;10,7297;4,29522;2,43228;2,72586;0
2;50ul-nr3;19-4;547;715;0,040282141;9;0,64305;0,24806;132,9156;106,1212;83,93939;9,9782;5,67757;2,68024;46,1389;8,82864;16,0191;2,34989;1,75941;2,53637;47,4861;9,61766;17,3712;2,60594;1,96898;2,46235;1
2;50ul-nr3;19-5;611;959;0,056184311;14;0,57154;0,54464;135,0455;105,4643;83,125;12,755;7,23222;5,1903;45,8152;10,8577;16,0471;3,06559;2,31631;3,38644;48,0589;12,7981;18,7441;3,24131;2,93762;3,95938;0
2;50ul-nr3;19-8;711;666;0,017259459;16;1,03;0,29189;249,1591;229,675;212,325;18,8188;29,1093;35,6201;90,8054;4,7951;15,2538;8,7523;5,52498;7,4291;92,3879;4,7775;11,2586;9,60801;5,10753;8,90897;1
2;50ul-nr4;20-11;1030;559;0,594693245;20;0,90662;0,32488;181,0195;153,5426;136,7128;30,3467;18,2059;14,8408;61,6449;13,3665;13,687;8,30804;4,02215;3,66829;67,5008;15,9414;15,9183;7,96306;4,29626;3,53513;0
2;50ul-nr4;20-12;1073;482;0,200851078;13;0,99914;0,29943;244,7354;228,5319;213,2553;18,9572;28,2457;28,639;90,5125;4,81254;9,52805;10,9709;4,67128;5,07245;91,928;4,5614;10,0318;9,21677;5,1563;4,5577;0
2;50ul-nr4;20-13;1110;830;0,881641821;13;0,65494;0,38035;175,4753;133,7071;116,8788;36,8456;24,0634;19,6673;56,7148;17,6901;16,6053;9,07467;3,9147;3,52129;60,9239;19,8448;17,8318;10,4878;4,22352;4,07338;1
2;50ul-nr4;20-16;1150;736;0,530569898;10;1,0543;0,14969;244,5087;227,0357;213,3929;33,9033;40,6735;42,025;90,128;5,44912;9,4987;12,2544;5,46867;5,86265;91,0361;3,85859;8,90167;14,4412;3,72446;5,87332;1
2;50ul-nr4;20-20;1338;414;0,434502636;11;0,59142;0,51006;229,8069;214,0526;185,1579;35,7837;37,798;30,905;83,6495;4,81533;15,7807;15,8654;5,38625;8,16845;86,8167;4,45998;17,4229;13,356;5,14874;6,83228;1
2;50ul-nr4;20-21;1372;1380;0,562988612;21;1,0043;0,23064;232,1566;216,0118;199,3412;32,3211;40,5558;45,5583;82,7386;8,21512;15,1831;16,3344;6,3271;8,72031;87,9308;7,00106;11,8364;13,9716;5,52013;9,08496;1
2;50ul-nr4;20-22;1382;654;0,198334212;8;0,65929;0,5154;122,9269;101,0833;94;3,94803;2,55235;1,71945;44,6023;7,64361;7,54487;0,998406;1,61183;1,10861;44,963;8,51119;7,67357;0,906875;2,03306;1,09444;0
2;50ul-nr4;20-23;1430;439;0,245679087;12;0,9077;0,38283;190,5185;183,3077;178,5385;46,9105;49,0865;49,3462;70,5556;7,13785;4,78971;19,4224;3,60915;2,75102;76,0983;8,22144;5,7884;17,6778;4,4921;3,41892;0
2;50ul-nr4;20-25;1464;1012;65535;15;0,70432;0,26544;223,5285;203,1972;181,7887;51,4704;57,6099;52,6913;81,0684;6,35935;13,3883;18,2261;6,23388;5,51545;82,3891;4,10239;13,3581;20,6055;4,82601;5,92805;1
2;50ul-nr4;20-7;864;1069;0,408761222;22;0,9707;0,25048;243,7778;222,76;203,5467;25,1371;32,5414;41,4332;86,4441;8,04896;17,8043;12,7264;6,26212;9,347;90,2473;6,17087;12,8518;11,1493;4,57875;10,2355;1
2;50ul-nr5;21-17;875;1589;0,765900007;13;0,51876;0,11904;131,7599;107,1039;83,84416;13,6469;7,71974;1,87129;46,1527;8,1589;15,5967;2,80712;1,99001;3,52192;47,6978;8,87988;17,6807;3,53693;2,2263;4,33705;0
2;50ul-nr5;21-18;958;779;0,017959251;17;0,97312;0,3853;224,6347;171,8378;139,1081;20,8056;21,6586;17,9669;72,8994;17,4961;25,2991;9,96267;5,896;4,36666;75,0629;17,8814;25,4866;7,45398;5,16094;3,61493;1
2;50ul-nr5;21-19;983;453;0,236993318;15;1,0523;0,14061;247,8176;233,878;228,1951;15,8912;23,5735;29,4349;91,3234;6,31149;7,29086;10,0122;4,70886;6,56546;93,8312;5,1397;5,02299;7,85177;3,33069;5,26413;0
2;50ul-nr5;21-2;412;1343;0,119463861;18;0,94726;0,20753;244,5317;223,8875;197,5625;21,8168;29,8142;33,7871;87,2157;6,41241;19,4762;10,9364;6,06057;6,97965;90,4613;4,72525;16,1671;9,74251;6,33351;8,06494;1
2;50ul-nr5;21-20;1021;1224;0;13;0,87486;0,21117;164,5281;133,4082;117,1429;36,3189;21,3365;18,2151;53,8709;16,1381;14,8617;9,05342;4,85172;4,24185;60,6881;19,2723;17,2922;9,65154;5,31083;4,19586;0
2;50ul-nr5;21-21;1141;884;0,055403062;6;0,84656;0,3531;129,5068;96,20833;73,08333;6,3742;3,57502;1,88626;43,1407;11,2652;18,4036;1,63954;1,46763;1,88084;44,0208;11,7351;19,0282;1,65421;1,55998;1,74068;0
2;50ul-nr5;21-24;1356;349;0,142291022;16;0,93175;0,26234;238,1554;223,2262;206,75;36,4429;38,7355;36,5025;87,039;5,67648;11,9609;13,6894;5,84596;7,08863;89,7901;3,95992;10,418;13,768;4,85722;6,90467;0
2;50ul-nr5;21-28;1455;838;0,198334212;9;0,82313;0,33663;138,3806;116,125;87,15625;9,4974;5,99328;2,34327;49,8022;5,25048;18,6863;2,32956;1,69615;2,56022;50,6547;5,90549;19,8253;2,57975;1,92762;2,90629;0
2;50ul-nr5;21-32;1790;920;65535;15;0,8537;0,61236;181,085;164,38;155,98;24,326;22,4609;23,3006;68,0111;5,6817;6,39955;7,7579;2,84936;4,33559;68,8835;5,88437;7,02479;8,58314;2,15042;3,88724;0
2;50ul-nr5;21-33;1746;818;65535;9;0,66503;0,42668;132,4312;127,8438;114,4375;12,9234;9,36744;5,79175;52,553;1,00235;7,26939;3,70991;1,60229;3,0232;54,018;1,40141;8,61735;3,84221;1,73257;3,15106;0
2;50ul-nr5;21-4;469;972;0,067060411;16;0,73198;0,42238;176,3551;151,1905;124,127;47,6827;40,0916;35,5269;59,4803;12,2561;19,1538;14,487;3,78439;3,79101;65,7183;13,1556;20,742;15,6537;4,04938;4,20078;1
2;50ul-nr6;22-11;1359;664;1,122578485;21;0,97119;0,26714;179,7633;132,0687;101,3588;27,53;28,359;27,1356;57,87;16,4346;24,824;11,9255;4,82105;4,35048;59,2748;15,575;24,3033;10,3607;4,30646;3,57446;1
2;50ul-nr6;22-2;581;1054;0,021095481;11;1,0439;0,32942;234,2442;219,7188;209,6875;38,2275;47,9316;53,5058;84,8023;8,21761;10,1391;16,4649;6,91003;8,31868;88,7243;5,61018;7,76759;16,764;5,36077;6,74606;1
2;50ul-nr6;22-3;614;492;0,014289837;7;0,64038;0,19326;131,5344;113,6042;92,35417;15,2411;9,15293;2,18787;47,6707;6,11262;13,3022;3,05341;1,88556;3,60608;49,8006;6,97381;15,5855;4,04855;2,16899;4,73098;1
2;50ul-nr6;22-6;820;1392;1,178117831;18;0,99805;0,26276;227,1423;172,1308;143,729;40,7892;46,7845;46,3597;76,0599;14,2441;22,9347;13,8207;8,40375;6,03107;73,4767;12,6643;21,1411;16,3396;8,0773;6,13712;1
2;50ul-nr7;23-1;338;1464;0,034081923;7;0,48155;0,31302;124,0861;109,6;103,9;4,46035;3,13553;2,95403;47,0131;5,33706;5,20544;1,42373;1,56815;1,13848;47,6236;5,42169;5,54852;1,27694;1,59863;0,944209;0
2;50ul-nr7;23-10;1216;979;0,147131353;20;0,90834;0,28032;192,9346;153,6259;122,6871;38,5943;41,2251;38,6597;62,1468;17,2536;23,3225;13,0167;4,67071;4,30292;67,6111;16,4483;24,3344;14,7208;5,75856;4,89215;1
2;50ul-nr7;23-11;1182;685;0,113593221;11;0,81765;0,44874;213,2497;212,2394;192,5352;41,4885;49,73;50,5845;76,5834;7,00516;14,7989;21,7587;5,89649;5,67605;86,0281;5,14521;12,8275;17,4773;5,07587;7,48123;1
2;50ul-nr7;23-12;1290;434;0,021095481;16;0,39315;0,56032;151,6396;121,3991;112,0917;15,9897;9,97838;7,42587;54,4923;8,80742;9,04756;8,29278;3,18693;3,92265;53,1839;8,78243;8,9522;4,43701;2,52946;2,59091;0
2;50ul-nr7;23-14;1446;1651;1,046868014;21;0,99055;0,28342;232,9838;217,7273;200,125;26,1878;33,2074;40,8099;83,2871;7,68194;15,3669;13,3965;5,81771;8,47374;88,6011;6,79691;12,2512;11,23;5,16814;9,47339;1
2;50ul-nr7;23-3;650;1632;0,155477453;24;0,84719;0,20147;176,5191;146,8929;120,6429;34,6878;36,9037;40,8315;60,7398;10,4599;19,2009;10,9719;3,59043;4,54782;63,4678;10,4092;19,4178;13,3212;4,03587;5,97455;1
2;50ul-nr8;24-19;1371;788;0,170385069;10;0,74474;0,38571;144,5463;110,1059;86,16471;11,3419;6,2355;5,22322;49,1649;10,9215;17,2324;3,23338;2,12208;4,52091;49,6397;11,6613;19,134;2,85127;2,20923;4,23862;1
2;50ul-nr8;24-21;1497;1089;0,665414312;19;1,0236;0,24882;252,3876;232,66;230,68;30,2;33,688;34,0812;94,5264;5,2328;3,50747;6,46316;3,7641;4,08031;93,1634;4,87309;2,85618;12,2825;1,9192;1,83753;1
2;50ul-nr8;24-3;572;1068;0,080151487;9;0,72454;0,24801;131,9115;105,6;83,975;8,18551;5,24673;2,42305;46,1256;8,29988;15,6376;1,83148;1,68976;2,27818;46,9775;8,47381;16,5964;2,27172;1,70413;2,48579;0
2;50ul-nr8;24-5;720;886;0,021095481;9;0,68225;0,43588;127,2292;98,90625;78,40625;6,5192;4,05892;1,82914;43,84;9,11768;15,8617;1,62277;1,50791;1,91878;44,5164;9,54334;16,4674;1,76118;1,56273;2,37071;1
2;50ul-nr8;24-7;827;1657;0,8354556;13;0,9538;0,66036;246,8312;230,5818;222,4273;27,4728;32,0414;33,9199;91,7204;5,08038;7,06792;10,7162;4,36311;5,56889;92,4536;4,4226;6,08329;11,3115;3,50317;4,73297;1
2;60ul-nr1;25-10;844;477;0,04584244;15;0,97976;0,34364;178,5459;138,7419;115,9032;25,1838;12,7671;7,22198;59,2967;15,0178;17,0587;7,44039;4,8703;5,24278;62,2587;16,9497;20,0491;6,00971;4,53771;4,92781;0
2;60ul-nr1;25-12;982;401;0,098617944;14;0,51843;0,47692;135,1037;117,0789;95,97368;15,3874;9,0771;3,47553;48,8164;6,49456;13,225;3,39492;1,9843;3,30686;51,3849;7,77447;15,7531;4,04834;2,39628;4,12409;0
2;60ul-nr1;25-13;971;573;0,106539967;10;0,8286;0,30551;196,1526;162,5319;156,2979;23,6778;23,1036;23,032;68,4082;12,6752;9,32655;10,0323;3,06973;2,42619;69,7124;12,1743;8,22128;8,66587;3,05769;1,97262;0
2;60ul-nr1;25-16;999;475;0,023316492;10;1,0203;0,39183;160,1398;122,2069;103,5862;13,4135;8,09047;5,77258;53,3899;13,9363;16,2938;3,612;2,87423;2,02355;55,2706;15,0258;17,0882;3,62132;2,3288;2,13067;0
2;60ul-nr1;25-2;421;1411;0,047481039;8;0,53714;0,16737;133,047;111,8909;90,03636;12,8636;8,07069;3,05483;47,285;7,55102;13,9744;2,77913;1,98065;3,39602;49,463;8,32503;16,5115;3,50719;1,95078;4,34414;1
2;60ul-nr1;25-22;1427;512;0,729974943;13;0,5815;0,39861;167,5933;137,9407;108,7203;41,1828;36,2414;32,4798;55,8979;12,4939;20,8052;14,8254;5,01702;4,73976;60,9563;13,8376;22,571;13,8224;5,82193;5,03812;1
2;60ul-nr1;25-5;632;496;0,027403959;17;0,8475;0,25151;178,4841;150,51;133,93;34,9607;22,6008;17,6219;61,6873;11,9631;12,9311;8,30286;3,83566;3,78823;65,7142;13,7084;14,8702;9,66183;4,18462;4,28594;0
2;60ul-nr2;26-1;432;819;0;19;0,85159;0,46718;145,8725;108,2599;100,1864;15,0171;11,2442;9,83351;51,7065;9,58424;9,88709;5,64113;2,59934;3,05423;47,6583;7,75717;7,91869;4,7118;2,18652;2,41103;0
2;60ul-nr2;26-14;1007;1750;0,082135519;16;1,0264;0,32392;236,6172;225,3409;212,0909;20,1142;32,4367;45,9139;84,7193;8,15428;14,8484;14,8028;6,40124;11,4792;91,1476;6,33154;9,73766;10,5703;5,44915;10,993;1
2;60ul-nr2;26-19;1291;1631;0,10473684;8;0,94102;0,51325;225,9652;213,0204;185,2245;35,9673;46,4267;48,5902;79,6263;8,46265;19,5535;17,7865;7,72194;7,30929;86,553;5,33065;17,4343;15,8694;7,23636;6,5252;1
2;60ul-nr2;26-21;1308;631;0,088725178;11;1,0477;0,31944;181,562;144;132,68;21,8024;13,6809;11,2462;61,3312;15,0593;11,7428;5,29362;2,79811;2,53183;63,8246;15,9239;12,818;5,95214;3,03596;2,50015;1
2;60ul-nr2;26-25;1622;1164;0,530569898;15;1,0442;0,26511;166,3817;127,2439;105,7561;11,8488;5,56678;4,72113;56,469;12,414;16,7082;3,05243;3,08017;2,98357;57,1509;14,4785;18,4882;2,59748;3,22448;3,10173;0
2;60ul-nr2;26-26;1641;1028;65535;7;1,0029;0,72906;137,1754;117,3889;109,3889;7,77733;6,36293;5,22594;50,9339;6,19787;7,81828;1,76645;1,60777;1,38001;51,0017;6,40134;7,28212;2,5926;1,44808;1,05519;0
2;60ul-nr2;26-3;385;1071;0,016822464;15;1,0404;0,18016;250,3462;235,2195;231,2683;18,5324;24,9465;26,1563;93,8785;4,77202;4,26414;7,93071;3,14594;3,70006;94,1321;4,57361;3,82265;8,46467;2,86471;3,21776;0
2;60ul-nr2;26-4;672;1013;0,02671523;15;0,50212;0,51185;139,1047;107,0867;95,91327;21,1366;13,9217;12,0804;46,7112;13,2666;11,6906;4,57517;2,45214;2,08278;48,9679;14,4671;12,5763;6,17002;2,9418;2,4527;0
2;60ul-nr2;26-5;613;1567;0,234432807;14;1,0375;0,25929;249,0741;229,1579;211,9474;22,3911;31,7724;33,6347;90,4893;5,89594;13,3615;9,42016;6,11699;3,89144;92,0443;4,18738;10,9768;10,6644;4,91505;4,81974;0
2;60ul-nr3;27-13;853;317;0,743675466;14;0,99981;0,2395;244,6121;234,3;226,96;18,5528;24,243;24,9595;91,3761;4,67841;6,17829;11,3378;3,41513;4,44626;93,7977;4,28502;5,55852;8,21135;3,37785;3,37043;0
2;60ul-nr3;27-15;1176;1775;1,175084789;24;0,89867;0,32399;230,4097;207,3801;166,9649;25,0238;29,2814;32,7708;81,6781;6,65779;22,1249;14,6711;6,8491;9,89675;85,5454;8,07774;25,2743;9,79229;6,60247;8,45166;0
2;60ul-nr3;27-17;1152;348;0,951564051;12;0,67083;0,3264;223,2817;213,9706;186,7059;41,1466;41,9783;40,0093;80,6581;5,70228;16,1008;18,1775;5,69227;9,09292;86,7973;4,88292;16,7235;15,1366;5,48264;9,07291;1
2;60ul-nr3;27-23;1385;491;1,033468898;16;0,83456;0,31661;189,6893;164,3846;148,3297;35,9203;22,6322;17,4668;65,4989;12,5561;12,1251;9,91736;4,30442;4,46449;71,1865;14,6659;14,7845;9,60363;4,49995;4,60447;0
2;60ul-nr3;27-17;1151;480;0,951564051;12;0,67083;0,3264;223,2817;213,9706;186,7059;41,1466;41,9783;40,0093;80,6581;5,70228;16,1008;18,1775;5,69227;9,09292;86,7973;4,88292;16,7235;15,1366;5,48264;9,07291;1
2;60ul-nr3;27-5;420;1284;0,10872387;14;0,99469;0,095543;193,5657;143,7593;120,9444;33,1788;15,6638;8,59666;62,5556;18,1319;19,4738;7,81663;5,88884;6,33074;65,1834;20,6034;21,4639;7,64562;6,12815;6,90331;0
2;60ul-nr3;27-8;553;493;0,137966355;11;1,0217;0,21353;155,5365;135,4444;107,6296;7,33974;4,83841;10,0504;57,5229;4,09937;15,8493;4,29033;2,17242;5,58467;57,8207;4,16451;18,0847;1,76291;2,11997;5,2439;0
2;60ul-nr4;28-10;806;1445;0,112041669;16;0,97916;0,17673;204,4073;192,3729;167,5424;39,7014;52,3384;55,6034;69,3542;13,1592;18,8969;18,4409;7,29866;6,19546;79,9378;9,35328;17,61;17,8784;7,21279;8,10274;1
2;60ul-nr4;28-11;824;1631;0,165591888;11;0,69044;0,28777;134,8123;109,2407;94,68519;12,1259;8,07497;5,32287;47,1618;9,52203;12,0298;2,92481;1,89242;1,83845;48,8345;10,4013;12,9487;3,53709;1,92347;2,21425;0
2;60ul-nr4;28-17;942;1449;0,057192431;16;0,74633;0,64476;217,3933;159,5714;125,7449;58,3547;48,1126;38,3124;71,9177;14,4902;24,2636;16,6723;4,68991;5,62662;69,2106;14,8639;24,9517;19,1316;4,29349;6,84441;0
2;60ul-nr4;28-22;1183;1591;0,853166453;22;0,39603;0,48522;222,6239;181,0229;139,3664;36,9674;37,03;33,9847;73,4414;13,8948;28,9337;12,8053;4,69826;5,19139;76,8227;12,0076;27,9269;13,5228;5,22452;5,26721;1
2;60ul-nr4;28-23;1218;530;0,283640666;13;0,83928;0,35987;222,679;208,3077;181,2308;32,0824;42,044;41,567;77,8788;9,38808;18,4662;17,0083;6,42875;6,39371;85,3706;7,18723;17,6952;14,1344;7,23501;6,65278;1
2;60ul-nr4;28-32;1537;992;0,048053596;9;0,62297;0,60285;130,5246;104,6829;73;8,01637;5,01218;3,37639;46,0229;6,17702;20,4387;1,80811;1,64824;3,17325;46,2496;6,56682;21,9816;2,08617;2,18676;3,6647;0
2;60ul-nr4;28-35;1711;1012;0,649113192;20;0,911;0,33119;233,6032;219,593;206,093;35,6125;39,6563;44,1073;84,7654;6,22806;13,586;15,1745;5,23771;9,35829;88,805;5,53889;9,47285;14,0931;3,82353;8,79347;1
2;60ul-nr4;28-7;562;1713;0,13934919;13;0,41206;0,58978;226,7373;202,9333;173,4267;43,7538;45,4965;38,7961;80,3901;7,46752;18,3096;15,1643;5,40144;7,63131;83,2677;6,74693;18,7686;16,2816;6,52132;7,00147;1
2;60ul-nr4;28-8;644;1359;0,105132229;15;1,0308;0,14871;210,6215;159,6905;139,8571;27,5482;37,383;39,4094;66,8875;21,1824;20,6849;10,3103;6,52474;4,79478;71,1398;20,9064;19,9141;12,2671;8,57025;5,70173;1
2;60ul-nr5;29-1;350;1137;0,204003346;20;1,0084;0,30633;235,6296;219,2386;212,6932;33,3111;39,5216;43,0582;85,5463;7,76097;9,44732;13,2179;5,25763;6,90426;88,7609;6,1984;5,93838;13,8056;4,15383;5,89732;1
2;60ul-nr5;29-13;1004;1856;0,030910309;10;1,0088;0,39741;160,5515;143,5455;131,5455;20,97;13,7693;9,50051;59,1894;6,68999;8,86084;5,44792;2,33574;2,9895;61,611;7,9405;10,0214;5,82619;2,90964;3,34297;0
2;60ul-nr5;29-14;1130;1797;0,020446285;11;1,0143;0,28835;247,8785;232,0882;226,5294;25,2854;29,7101;33,2486;92,528;5,02153;5,47669;9,78498;3,13681;5,47191;93,0273;4,68186;4,75993;10,5363;2,62523;5,30995;1
2;60ul-nr5;29-15;1221;1513;0,12670419;26;0,96789;0,35014;212,6557;172,469;137,5034;31,1612;37,1826;35,2281;69,91;15,6422;24,1939;13,898;6,31103;4,80325;74,506;15,3592;25,8007;12,7284;6,35441;3,44023;1
2;60ul-nr5;29-17;1529;958;0,157561324;11;0,90388;0,50098;243,0559;225,0659;194,2967;24,3234;31,851;30,7356;87,5617;5,30513;18,4556;13,1204;6,71623;6,47769;90,622;3,55436;18,0801;10,7263;5,748;6,66978;0
2;60ul-nr5;29-21;1726;1144;0,157068956;19;0,93372;0,41299;239,5152;221,6146;201,6875;38,1184;40,6615;41,0994;87,4456;4,55264;15,3488;13,769;5,37111;8,91409;89,2117;3,91661;12,3188;14,5888;4,3699;8,52753;1
2;60ul-nr5;29-7;769;1102;0,161614824;21;0,92463;0,35598;235,9055;219,764;198,8315;34,86;42,4087;42,5003;84,5305;6,71999;16,6503;16,533;6,30839;6,33389;88,7537;4,75835;13,2546;14,8005;4,99244;6,87356;1
2;60ul-nr6;30-10;800;1244;0,212938136;10;0,8267;0,33634;135,3906;105,8913;93,45652;8,54169;5,81656;3,67397;46,7394;10,8733;11,3745;2,42149;1,77386;1,75545;47,7273;11,4005;12,1;2,49225;1,80381;1,91444;0
2;60ul-nr6;30-11;893;294;0,112889725;16;1,0218;0,16217;230,0336;187,3231;164,7077;25,1678;31,3;31,74;79,3875;10,8805;20,4928;10,848;6,33677;8,17428;78,857;11,3486;16,9833;10,4177;5,74354;7,60318;1
2;60ul-nr6;30-12;887;1275;0,014603925;15;1,0344;0,093029;251,4624;233,4468;217,3191;15,8365;21,8222;31,8987;92,8658;3,07045;14,5409;6,53667;3,83719;9,07135;93,5118;3,82651;10,1827;7,44448;2,91513;9,43729;1
2;60ul-nr6;30-13;936;970;0,129773257;17;1,0275;0,23929;194,5418;130,4127;98,19048;23,9515;18,0292;14,8029;61,2837;19,4669;26,4399;5,08579;4,26735;3,33155;59,5553;18,4869;26,3841;7,22533;4,63832;3,28229;0
2;60ul-nr6;30-14;1082;1464;0,065408686;17;1,015;0,14433;243,1887;230,8136;214,3559;19,8757;28,9628;35,5595;88,6906;5,12394;14,6512;13,495;6,63696;7,64377;92,6599;4,28989;10,591;9,67898;4,70678;8,4396;1
2;60ul-nr6;30-16;1283;1524;0,248965747;18;0,99978;0,26847;247,7943;224,963;196,6667;23,6283;30,9312;32,738;89,1985;5,6632;18,1528;10,4879;8,09881;7,15288;90,7707;4,35636;17,0652;10,2642;7,08725;8,45598;1
2;60ul-nr6;30-17;1506;408;0,625238103;8;1,1205;0,25314;179,8029;174;172,0588;38,2924;30,753;25,3339;68,7315;5,36111;2,24993;10,0351;2,40399;3,53751;72,4342;6,47469;3,37589;11,9722;2,57706;4,00235;1
2;60ul-nr6;30-2;492;1416;0,162872065;13;0,74863;0,32858;238,2844;210,9247;180,0215;34,8151;41,6346;37,7417;83,5302;8,52194;20,7452;12,9708;7,75036;7,56318;86,1261;6,21605;19,3083;14,2146;7,90339;7,70763;1
2;60ul-nr6;30-5;660;1725;0,460562911;9;0,51907;0,6409;18,57074;13,79167;13;7,91211;3,05001;2,10589;4,38184;1,71128;0,581081;1,03426;0,809419;0,626159;4,82264;3,61917;1,79206;1,59715;3,4069;2,05933;0
2;60ul-nr6;30-15;1120;1047;0,742877325;14;1,0248;0,22614;242,6347;232,6415;221,8302;22,3032;29,2352;32,2745;89,5695;5,06457;10,0506;13,249;6,2549;6,24571;93,147;3,96507;7,37676;9,99993;4,05858;5,17207;0
2;60ul-nr6;30-7;713;800;0,181985881;21;0,97971;0,42869;243,7706;223,5541;201,2838;26,8823;33,4632;37,5706;87,185;6,45434;18,3609;12,2474;6,24245;7,56375;90,3211;5,13442;14,0947;11,5149;5,10546;8,50533;1
2;60ul-nr6;30-9;775;861;0,249867922;18;0,98169;0,43077;245,5881;224,9118;192,0882;14,5885;25,6688;26,906;87,733;5,3612;21,9269;12,0071;7,36525;5,04894;90,9185;4,57437;19,6303;7,87955;7,03587;5,8781;1
2;60ul-nr7;31-10;1072;1699;0,163397116;16;0,55732;0,2888;148,136;134,2972;109,7925;26,0086;14,8171;5,34358;53,9395;6,29134;13,001;5,65249;2,95086;5,91673;58,2107;7,99576;17,4738;6,58027;3,4731;6,68063;0
2;60ul-nr7;31-24;1650;1077;0,175139217;16;0,96358;0,24484;230,8021;219,494;205,6867;28,9262;37,135;44,6493;82,436;8,35695;13,987;16,2373;5,67512;8,7532;89,1123;6,69564;10,1496;12,6351;5,65665;9,60242;1
2;60ul-nr7;31-27;1764;1140;0,204851402;13;1,0032;0,36677;247,3137;225,92;213,58;33,3495;36,7095;37,8472;91,6658;4,98647;8,09018;10,1375;3,83677;5,5897;90,832;4,55577;8,41265;13,221;3,34795;5,97921;0
2;60ul-nr7;31-4;510;713;0,126274819;18;1,0277;0,17454;237,8017;195,7358;190,6604;25,4871;28,081;28,1329;83,9442;11,9752;7,77725;10,7683;4,00868;3,06272;81,8949;12,2091;7,43172;9,94876;3,18668;2,3572;0
2;60ul-nr7;31-5;582;932;0,06487606;12;0,63557;0,34928;137,4895;104,5682;61,93182;15,0848;7,14761;8,45617;45,9232;9,48034;27,5111;2,95839;3,0955;5,8349;47,5448;11,4123;30,1409;3,40644;3,84514;6,9258;0
2;60ul-nr7;31-8;858;357;0,117561932;17;0,96714;0,29713;242,8249;216,32;194,4533;24,7219;34,0283;39,6097;85,4109;8,39596;19,838;9,59291;5,57735;7,80421;88,1808;6,93478;14,6278;11,35;5,31831;9,23854;1
2;60ul-nr7;31-9;869;513;0,137285216;17;0,82984;0,37309;229,5167;210,75;173,7763;13,649;28,6152;27,6698;79,166;10,2132;22,1127;12,3251;6,65714;5,35618;86,4052;6,63387;22,8636;8,65207;7,29007;3,78255;1
2;60ul-nr8;32-1;506;1654;0,110999392;12;1,0403;0,21705;252,3284;238,225;229,725;17,5112;23,0779;23,1749;94,8485;3,89527;5,36739;5,74474;2,95444;4,44951;94,9567;3,27384;5,77789;7,92686;3,65151;5,25966;1
2;60ul-nr8;32-13;869;947;0,513747434;17;0,93556;0,20268;156,4902;123,3636;112,7879;18,2583;12,094;10,2425;53,0556;13,6816;11,1785;4,97996;2,39867;1,9633;55,4784;14,6161;12,0596;5,31094;2,39833;2,16299;0
2;60ul-nr8;32-14;963;1733;0,318653209;9;0,49925;0,4224;131,6641;116,0824;96,50588;14,3174;8,77389;2,58025;48,6655;5,07433;11,732;2,92018;2,05411;3,56503;50,5475;6,06164;14,1903;3,82916;2,0108;4,42576;1
2;60ul-nr8;32-15;975;566;0,048725098;18;0,75522;0,56381;243,7368;220,2581;186,2473;10,8452;24,454;26,2636;85,6687;8,50693;20,0367;11,8002;7,82867;7,82402;89,7001;6,26342;20,9566;7,15223;7,40796;6,38947;1
2;60ul-nr8;32-16;977;652;0,155610224;19;0,68561;0,58298;226,9852;205,4457;172,1087;37,4597;46,5491;40,58;78,9563;9,85832;19,3471;16,0123;7,1033;7,34726;84,3931;7,32177;21,1652;15,8722;8,82028;6,61512;1
2;60ul-nr8;32-20;1207;1503;0,55865992;20;0,99821;0,32255;233,6171;180,3786;147,7184;26,5266;41,0889;44,1607;77,3454;15,9097;24,3009;12,5658;8,80765;8,58064;77,4802;15,5621;24,6033;13,1708;9,24113;7,97103;1
2;60ul-nr8;32-4;571;754;0,314806878;11;0,83243;0,35948;16,64376;12,67647;12,64706;5,23264;3,64916;3,13226;3,82638;1,46115;0,471476;0,925727;0,87574;0,538061;3,97177;1,47263;0,581255;1,43935;1,38833;0,836905;0
2;60ul-nr8;32-5;602;1166;0;9;1,0385;0,40142;199,8469;146,9063;127,1563;27,7102;17,4548;14,7323;64,0766;19,3705;19,3366;7,8005;3,92286;3,35289;66,4275;21,0549;19,8655;7,66567;3,54194;3,13135;0